user_id,signup_date,age_band,channel,event,event_date
U0001,2026-08-26,35-39,app_store,signup,2026-08-26
U0001,2026-08-26,35-39,app_store,link_account,2026-08-29
U0002,2026-07-18,35-39,app_store,signup,2026-07-18
U0002,2026-07-18,35-39,app_store,link_account,2026-07-19
U0002,2026-07-18,35-39,app_store,set_goal,2026-07-22
U0002,2026-07-18,35-39,app_store,first_saving,2026-08-01
U0002,2026-07-18,35-39,app_store,d30_active,2026-08-17
U0003,2026-06-22,35-39,play_store,signup,2026-06-22
U0003,2026-06-22,35-39,play_store,link_account,2026-06-22
U0003,2026-06-22,35-39,play_store,set_goal,2026-06-23
U0003,2026-06-22,35-39,play_store,first_saving,2026-06-26
U0003,2026-06-22,35-39,play_store,d30_active,2026-07-22
U0004,2026-06-01,25-29,app_store,signup,2026-06-01
U0004,2026-06-01,25-29,app_store,link_account,2026-06-04
U0004,2026-06-01,25-29,app_store,set_goal,2026-06-11
U0004,2026-06-01,25-29,app_store,first_saving,2026-06-14
U0004,2026-06-01,25-29,app_store,d30_active,2026-07-04
U0005,2026-08-14,30-34,ad,signup,2026-08-14
U0006,2026-06-20,30-34,app_store,signup,2026-06-20
U0006,2026-06-20,30-34,app_store,link_account,2026-06-21
U0007,2026-08-31,25-29,app_store,signup,2026-08-31
U0008,2026-08-16,25-29,play_store,signup,2026-08-16
U0009,2026-08-29,30-34,ad,signup,2026-08-29
U0009,2026-08-29,30-34,ad,link_account,2026-09-01
U0009,2026-08-29,30-34,ad,set_goal,2026-09-01
U0009,2026-08-29,30-34,ad,first_saving,2026-09-03
U0009,2026-08-29,30-34,ad,d30_active,2026-10-02
U0010,2026-07-18,25-29,referral,signup,2026-07-18
U0011,2026-06-05,30-34,app_store,signup,2026-06-05
U0011,2026-06-05,30-34,app_store,link_account,2026-06-06
U0011,2026-06-05,30-34,app_store,set_goal,2026-06-06
U0011,2026-06-05,30-34,app_store,first_saving,2026-06-09
U0011,2026-06-05,30-34,app_store,d30_active,2026-07-06
U0012,2026-07-10,30-34,play_store,signup,2026-07-10
U0012,2026-07-10,30-34,play_store,link_account,2026-07-12
U0012,2026-07-10,30-34,play_store,set_goal,2026-07-17
U0013,2026-07-03,30-34,app_store,signup,2026-07-03
U0013,2026-07-03,30-34,app_store,link_account,2026-07-06
U0013,2026-07-03,30-34,app_store,set_goal,2026-07-11
U0014,2026-07-02,35-39,play_store,signup,2026-07-02
U0014,2026-07-02,35-39,play_store,link_account,2026-07-02
U0014,2026-07-02,35-39,play_store,set_goal,2026-07-02
U0014,2026-07-02,35-39,play_store,first_saving,2026-07-07
U0015,2026-08-22,30-34,ad,signup,2026-08-22
U0016,2026-08-18,30-34,app_store,signup,2026-08-18
U0017,2026-06-17,25-29,app_store,signup,2026-06-17
U0017,2026-06-17,25-29,app_store,link_account,2026-06-17
U0017,2026-06-17,25-29,app_store,set_goal,2026-06-22
U0018,2026-08-04,25-29,app_store,signup,2026-08-04
U0018,2026-08-04,25-29,app_store,link_account,2026-08-07
U0018,2026-08-04,25-29,app_store,set_goal,2026-08-08
U0019,2026-06-04,30-34,play_store,signup,2026-06-04
U0019,2026-06-04,30-34,play_store,link_account,2026-06-05
U0019,2026-06-04,30-34,play_store,set_goal,2026-06-10
U0019,2026-06-04,30-34,play_store,first_saving,2026-06-13
U0019,2026-06-04,30-34,play_store,d30_active,2026-07-05
U0020,2026-08-16,30-34,play_store,signup,2026-08-16
U0021,2026-07-23,25-29,play_store,signup,2026-07-23
U0021,2026-07-23,25-29,play_store,link_account,2026-07-23
U0021,2026-07-23,25-29,play_store,set_goal,2026-07-25
U0021,2026-07-23,25-29,play_store,first_saving,2026-07-28
U0021,2026-07-23,25-29,play_store,d30_active,2026-08-24
U0022,2026-08-08,25-29,play_store,signup,2026-08-08
U0023,2026-06-10,30-34,app_store,signup,2026-06-10
U0024,2026-08-12,30-34,play_store,signup,2026-08-12
U0024,2026-08-12,30-34,play_store,link_account,2026-08-14
U0024,2026-08-12,30-34,play_store,set_goal,2026-08-15
U0024,2026-08-12,30-34,play_store,first_saving,2026-08-16
U0024,2026-08-12,30-34,play_store,d30_active,2026-09-14
U0025,2026-08-12,30-34,play_store,signup,2026-08-12
U0025,2026-08-12,30-34,play_store,link_account,2026-08-12
U0025,2026-08-12,30-34,play_store,set_goal,2026-08-12
U0025,2026-08-12,30-34,play_store,first_saving,2026-08-17
U0025,2026-08-12,30-34,play_store,d30_active,2026-09-14
U0026,2026-07-15,30-34,app_store,signup,2026-07-15
U0027,2026-07-29,25-29,play_store,signup,2026-07-29
U0027,2026-07-29,25-29,play_store,link_account,2026-08-01
U0027,2026-07-29,25-29,play_store,set_goal,2026-08-01
U0028,2026-08-20,25-29,ad,signup,2026-08-20
U0028,2026-08-20,25-29,ad,link_account,2026-08-22
U0028,2026-08-20,25-29,ad,set_goal,2026-08-29
U0029,2026-06-02,25-29,app_store,signup,2026-06-02
U0029,2026-06-02,25-29,app_store,link_account,2026-06-02
U0030,2026-07-24,25-29,play_store,signup,2026-07-24
U0030,2026-07-24,25-29,play_store,link_account,2026-07-24
U0031,2026-06-14,25-29,app_store,signup,2026-06-14
U0031,2026-06-14,25-29,app_store,link_account,2026-06-17
U0031,2026-06-14,25-29,app_store,set_goal,2026-06-18
U0031,2026-06-14,25-29,app_store,first_saving,2026-06-19
U0032,2026-07-12,35-39,play_store,signup,2026-07-12
U0033,2026-06-19,30-34,play_store,signup,2026-06-19
U0033,2026-06-19,30-34,play_store,link_account,2026-06-20
U0033,2026-06-19,30-34,play_store,set_goal,2026-06-21
U0034,2026-07-05,30-34,play_store,signup,2026-07-05
U0034,2026-07-05,30-34,play_store,link_account,2026-07-06
U0034,2026-07-05,30-34,play_store,set_goal,2026-07-06
U0035,2026-06-05,30-34,app_store,signup,2026-06-05
U0035,2026-06-05,30-34,app_store,link_account,2026-06-08
U0035,2026-06-05,30-34,app_store,set_goal,2026-06-09
U0035,2026-06-05,30-34,app_store,first_saving,2026-06-14
U0035,2026-06-05,30-34,app_store,d30_active,2026-07-08
U0036,2026-08-11,25-29,play_store,signup,2026-08-11
U0036,2026-08-11,25-29,play_store,link_account,2026-08-11
U0036,2026-08-11,25-29,play_store,set_goal,2026-08-11
U0036,2026-08-11,25-29,play_store,first_saving,2026-08-14
U0036,2026-08-11,25-29,play_store,d30_active,2026-09-11
U0037,2026-07-14,25-29,play_store,signup,2026-07-14
U0037,2026-07-14,25-29,play_store,link_account,2026-07-14
U0037,2026-07-14,25-29,play_store,set_goal,2026-07-14
U0037,2026-07-14,25-29,play_store,first_saving,2026-07-16
U0037,2026-07-14,25-29,play_store,d30_active,2026-08-16
U0038,2026-08-14,25-29,app_store,signup,2026-08-14
U0038,2026-08-14,25-29,app_store,link_account,2026-08-14
U0039,2026-07-16,25-29,play_store,signup,2026-07-16
U0039,2026-07-16,25-29,play_store,link_account,2026-07-16
U0039,2026-07-16,25-29,play_store,set_goal,2026-07-17
U0040,2026-07-12,25-29,app_store,signup,2026-07-12
U0040,2026-07-12,25-29,app_store,link_account,2026-07-12
U0040,2026-07-12,25-29,app_store,set_goal,2026-07-12
U0041,2026-08-23,30-34,app_store,signup,2026-08-23
U0041,2026-08-23,30-34,app_store,link_account,2026-08-25
U0041,2026-08-23,30-34,app_store,set_goal,2026-08-25
U0042,2026-07-28,35-39,play_store,signup,2026-07-28
U0042,2026-07-28,35-39,play_store,link_account,2026-07-26
U0042,2026-07-28,35-39,play_store,link_account,2026-07-29
U0042,2026-07-28,35-39,play_store,set_goal,2026-08-05
U0042,2026-07-28,35-39,play_store,first_saving,2026-08-19
U0042,2026-07-28,35-39,play_store,d30_active,2026-08-28
U0043,2026-07-10,30-34,ad,signup,2026-07-10
U0044,2026-07-22,30-34,app_store,signup,2026-07-22
U0044,2026-07-22,30-34,app_store,link_account,2026-07-22
U0044,2026-07-22,30-34,app_store,set_goal,2026-07-25
U0044,2026-07-22,30-34,app_store,first_saving,2026-08-04
U0045,2026-06-05,25-29,app_store,signup,2026-06-05
U0046,2026-08-16,25-29,app_store,signup,2026-08-16
U0046,2026-08-16,25-29,app_store,link_account,2026-08-17
U0046,2026-08-16,25-29,app_store,set_goal,2026-08-17
U0047,2026-08-03,30-34,ad,signup,2026-08-03
U0048,2026-08-05,25-29,play_store,signup,2026-08-05
U0048,2026-08-05,25-29,play_store,link_account,2026-08-06
U0049,2026-08-09,35-39,referral,signup,2026-08-09
U0049,2026-08-09,35-39,referral,link_account,2026-08-12
U0049,2026-08-09,35-39,referral,set_goal,2026-08-13
U0049,2026-08-09,35-39,referral,first_saving,2026-08-23
U0049,2026-08-09,35-39,referral,d30_active,2026-09-11
U0050,2026-08-17,25-29,play_store,signup,2026-08-17
U0050,2026-08-17,25-29,play_store,link_account,2026-08-18
U0051,2026-07-01,30-34,referral,signup,2026-07-01
U0051,2026-07-01,30-34,referral,link_account,2026-07-01
U0051,2026-07-01,30-34,referral,set_goal,2026-07-02
U0052,2026-08-11,30-34,ad,signup,2026-08-11
U0052,2026-08-11,30-34,ad,link_account,2026-08-11
U0053,2026-07-16,25-29,play_store,signup,2026-07-16
U0053,2026-07-16,25-29,play_store,link_account,2026-07-19
U0053,2026-07-16,25-29,play_store,set_goal,2026-07-22
U0053,2026-07-16,25-29,play_store,first_saving,2026-07-24
U0053,2026-07-16,25-29,play_store,d30_active,2026-08-15
U0054,2026-06-28,30-34,play_store,signup,2026-06-28
U0054,2026-06-28,30-34,play_store,link_account,2026-06-29
U0054,2026-06-28,30-34,play_store,set_goal,2026-07-02
U0054,2026-06-28,30-34,play_store,first_saving,2026-07-03
U0054,2026-06-28,30-34,play_store,d30_active,2026-07-28
U0055,2026-07-27,35-39,play_store,signup,2026-07-27
U0055,2026-07-27,35-39,play_store,link_account,2026-07-28
U0055,2026-07-27,35-39,play_store,set_goal,2026-07-29
U0055,2026-07-27,35-39,play_store,first_saving,2026-08-12
U0055,2026-07-27,35-39,play_store,d30_active,2026-08-26
U0056,2026-08-02,30-34,app_store,signup,2026-08-02
U0056,2026-08-02,30-34,app_store,link_account,2026-08-02
U0057,2026-08-28,35-39,app_store,signup,2026-08-28
U0057,2026-08-28,35-39,app_store,link_account,2026-08-28
U0057,2026-08-28,35-39,app_store,set_goal,2026-08-29
U0057,2026-08-28,35-39,app_store,first_saving,2026-09-05
U0058,2026-07-21,25-29,referral,signup,2026-07-21
U0058,2026-07-21,25-29,referral,link_account,2026-07-22
U0058,2026-07-21,25-29,referral,set_goal,2026-07-22
U0058,2026-07-21,25-29,referral,first_saving,2026-07-27
U0058,2026-07-21,25-29,referral,d30_active,2026-08-22
U0059,2026-08-10,25-29,app_store,signup,2026-08-10
U0059,2026-08-10,25-29,app_store,link_account,2026-08-10
U0060,2026-08-10,30-34,play_store,signup,2026-08-10
U0060,2026-08-10,30-34,play_store,link_account,2026-08-13
U0060,2026-08-10,30-34,play_store,set_goal,2026-08-18
U0060,2026-08-10,30-34,play_store,first_saving,2026-08-25
U0060,2026-08-10,30-34,play_store,d30_active,2026-09-10
U0061,2026-06-27,25-29,play_store,signup,2026-06-27
U0061,2026-06-27,25-29,play_store,link_account,2026-06-29
U0061,2026-06-27,25-29,play_store,set_goal,2026-07-02
U0061,2026-06-27,25-29,play_store,first_saving,2026-07-05
U0061,2026-06-27,25-29,play_store,d30_active,2026-07-29
U0062,2026-07-19,35-39,app_store,signup,2026-07-19
U0062,2026-07-19,35-39,app_store,link_account,2026-07-21
U0062,2026-07-19,35-39,app_store,set_goal,2026-07-22
U0062,2026-07-19,35-39,app_store,first_saving,2026-08-05
U0063,2026-08-10,30-34,app_store,signup,2026-08-10
U0063,2026-08-10,30-34,app_store,link_account,2026-08-12
U0063,2026-08-10,30-34,app_store,set_goal,2026-08-13
U0064,2026-08-10,30-34,play_store,signup,2026-08-10
U0064,2026-08-10,30-34,play_store,link_account,2026-08-11
U0064,2026-08-10,30-34,play_store,set_goal,2026-08-11
U0064,2026-08-10,30-34,play_store,first_saving,2026-08-13
U0065,2026-06-20,25-29,app_store,signup,2026-06-20
U0065,2026-06-20,25-29,app_store,link_account,2026-06-20
U0066,2026-06-04,25-29,play_store,signup,2026-06-04
U0067,2026-08-19,25-29,app_store,signup,2026-08-19
U0067,2026-08-19,25-29,app_store,link_account,2026-08-20
U0067,2026-08-19,25-29,app_store,set_goal,2026-08-20
U0067,2026-08-19,25-29,app_store,first_saving,2026-08-23
U0067,2026-08-19,25-29,app_store,d30_active,2026-09-18
U0068,2026-08-17,25-29,referral,signup,2026-08-17
U0068,2026-08-17,25-29,referral,link_account,2026-08-19
U0069,2026-08-04,25-29,play_store,signup,2026-08-04
U0069,2026-08-04,25-29,play_store,link_account,2026-08-04
U0069,2026-08-04,25-29,play_store,set_goal,2026-08-07
U0069,2026-08-04,25-29,play_store,first_saving,2026-08-09
U0069,2026-08-04,25-29,play_store,d30_active,2026-09-05
U0070,2026-08-17,30-34,ad,signup,2026-08-17
U0071,2026-07-07,35-39,referral,signup,2026-07-07
U0071,2026-07-07,35-39,referral,link_account,2026-07-09
U0071,2026-07-07,35-39,referral,set_goal,2026-07-09
U0071,2026-07-07,35-39,referral,first_saving,2026-07-11
U0072,2026-07-21,35-39,app_store,signup,2026-07-21
U0072,2026-07-21,35-39,app_store,link_account,2026-07-21
U0072,2026-07-21,35-39,app_store,set_goal,2026-07-21
U0072,2026-07-21,35-39,app_store,first_saving,2026-07-23
U0072,2026-07-21,35-39,app_store,d30_active,2026-08-20
U0073,2026-08-19,35-39,ad,signup,2026-08-19
U0074,2026-07-17,30-34,ad,signup,2026-07-17
U0074,2026-07-17,30-34,ad,link_account,2026-07-19
U0075,2026-07-14,25-29,app_store,signup,2026-07-14
U0076,2026-08-20,35-39,ad,signup,2026-08-20
U0076,2026-08-20,35-39,ad,link_account,2026-08-21
U0077,2026-06-18,25-29,app_store,signup,2026-06-18
U0077,2026-06-18,25-29,app_store,set_goal,2026-06-22
U0078,2026-08-25,25-29,app_store,signup,2026-08-25
U0078,2026-08-25,25-29,app_store,link_account,2026-08-25
U0078,2026-08-25,25-29,app_store,set_goal,2026-09-01
U0078,2026-08-25,25-29,app_store,first_saving,2026-09-02
U0079,2026-08-18,30-34,app_store,signup,2026-08-18
U0079,2026-08-18,30-34,app_store,link_account,2026-08-18
U0079,2026-08-18,30-34,app_store,set_goal,2026-08-19
U0079,2026-08-18,30-34,app_store,first_saving,2026-08-21
U0079,2026-08-18,30-34,app_store,d30_active,2026-09-20
U0080,2026-07-14,25-29,app_store,signup,2026-07-14
U0080,2026-07-14,25-29,app_store,link_account,2026-07-14
U0080,2026-07-14,25-29,app_store,set_goal,2026-07-16
U0080,2026-07-14,25-29,app_store,first_saving,2026-07-30
U0081,2026-07-13,30-34,app_store,signup,2026-07-13
U0081,2026-07-13,30-34,app_store,link_account,2026-07-16
U0081,2026-07-13,30-34,app_store,set_goal,2026-07-16
U0082,2026-08-16,25-29,app_store,signup,2026-08-16
U0083,2026-08-14,25-29,ad,signup,2026-08-14
U0083,2026-08-14,25-29,ad,link_account,2026-08-15
U0084,2026-08-13,30-34,app_store,signup,2026-08-13
U0084,2026-08-13,30-34,app_store,link_account,2026-08-13
U0084,2026-08-13,30-34,app_store,set_goal,2026-08-18
U0084,2026-08-13,30-34,app_store,first_saving,2026-08-25
U0084,2026-08-13,30-34,app_store,d30_active,2026-09-14
U0085,2026-07-01,25-29,play_store,signup,2026-07-01
U0085,2026-07-01,25-29,play_store,link_account,2026-07-02
U0085,2026-07-01,25-29,play_store,set_goal,2026-07-04
U0085,2026-07-01,25-29,play_store,first_saving,2026-07-18
U0085,2026-07-01,25-29,play_store,d30_active,2026-08-03
U0086,2026-07-29,35-39,play_store,signup,2026-07-29
U0086,2026-07-29,35-39,play_store,link_account,2026-07-29
U0087,2026-07-14,25-29,ad,signup,2026-07-14
U0087,2026-07-14,25-29,ad,link_account,2026-07-16
U0087,2026-07-14,25-29,ad,set_goal,2026-07-16
U0088,2026-07-09,30-34,app_store,signup,2026-07-09
U0088,2026-07-09,30-34,app_store,link_account,2026-07-10
U0088,2026-07-09,30-34,app_store,set_goal,2026-07-11
U0088,2026-07-09,30-34,app_store,first_saving,2026-07-14
U0088,2026-07-09,30-34,app_store,d30_active,2026-08-09
U0089,2026-06-17,30-34,app_store,signup,2026-06-17
U0090,2026-07-20,30-34,referral,signup,2026-07-20
U0090,2026-07-20,30-34,referral,link_account,2026-07-21
U0090,2026-07-20,30-34,referral,set_goal,2026-07-21
U0090,2026-07-20,30-34,referral,first_saving,2026-08-04
U0090,2026-07-20,30-34,referral,d30_active,2026-08-23
U0091,2026-07-12,30-34,app_store,signup,2026-07-12
U0091,2026-07-12,30-34,app_store,link_account,2026-07-15
U0091,2026-07-12,30-34,app_store,set_goal,2026-07-16
U0091,2026-07-12,30-34,app_store,first_saving,2026-07-17
U0091,2026-07-12,30-34,app_store,d30_active,2026-08-15
U0092,2026-08-19,30-34,play_store,signup,2026-08-19
U0092,2026-08-19,30-34,play_store,link_account,2026-08-22
U0093,2026-07-13,25-29,ad,signup,2026-07-13
U0094,2026-07-17,30-34,app_store,signup,2026-07-17
U0094,2026-07-17,30-34,app_store,link_account,2026-07-17
U0094,2026-07-17,30-34,app_store,set_goal,2026-07-19
U0094,2026-07-17,30-34,app_store,first_saving,2026-07-24
U0094,2026-07-17,30-34,app_store,d30_active,2026-08-19
U0095,2026-07-27,30-34,play_store,signup,2026-07-27
U0096,2026-06-24,25-29,play_store,signup,2026-06-24
U0096,2026-06-24,25-29,play_store,link_account,2026-06-25
U0096,2026-06-24,25-29,play_store,set_goal,2026-06-30
U0096,2026-06-24,25-29,play_store,first_saving,2026-07-02
U0096,2026-06-24,25-29,play_store,d30_active,2026-07-24
U0097,2026-06-18,35-39,referral,signup,2026-06-18
U0097,2026-06-18,35-39,referral,link_account,2026-06-19
U0097,2026-06-18,35-39,referral,set_goal,2026-06-24
U0097,2026-06-18,35-39,referral,first_saving,2026-07-04
U0097,2026-06-18,35-39,referral,d30_active,2026-07-21
U0098,2026-08-29,25-29,app_store,signup,2026-08-29
U0098,2026-08-29,25-29,app_store,link_account,2026-09-01
U0098,2026-08-29,25-29,app_store,set_goal,2026-09-06
U0099,2026-08-18,25-29,app_store,signup,2026-08-18
U0099,2026-08-18,25-29,app_store,link_account,2026-08-18
U0099,2026-08-18,25-29,app_store,set_goal,2026-08-23
U0099,2026-08-18,25-29,app_store,first_saving,2026-08-30
U0100,2026-08-18,30-34,referral,signup,2026-08-18
U0100,2026-08-18,30-34,referral,link_account,2026-08-18
U0100,2026-08-18,30-34,referral,set_goal,2026-08-23
U0100,2026-08-18,30-34,referral,first_saving,2026-08-26
U0100,2026-08-18,30-34,referral,d30_active,2026-09-17
U0101,2026-06-28,35-39,app_store,signup,2026-06-28
U0101,2026-06-28,35-39,app_store,link_account,2026-06-29
U0101,2026-06-28,35-39,app_store,set_goal,2026-06-30
U0102,2026-08-06,35-39,app_store,signup,2026-08-06
U0102,2026-08-06,35-39,app_store,link_account,2026-08-09
U0102,2026-08-06,35-39,app_store,set_goal,2026-08-10
U0102,2026-08-06,35-39,app_store,first_saving,2026-08-15
U0102,2026-08-06,35-39,app_store,d30_active,2026-09-07
U0103,2026-08-29,35-39,app_store,signup,2026-08-29
U0104,2026-06-21,35-39,play_store,signup,2026-06-21
U0104,2026-06-21,35-39,play_store,link_account,2026-06-24
U0104,2026-06-21,35-39,play_store,set_goal,2026-07-01
U0104,2026-06-21,35-39,play_store,first_saving,2026-07-15
U0104,2026-06-21,35-39,play_store,d30_active,2026-07-25
U0105,2026-06-05,30-34,app_store,signup,2026-06-05
U0105,2026-06-05,30-34,app_store,signup,2026-06-05
U0105,2026-06-05,30-34,app_store,link_account,2026-06-05
U0106,2026-06-05,35-39,app_store,signup,2026-06-05
U0106,2026-06-05,35-39,app_store,link_account,2026-06-08
U0106,2026-06-05,35-39,app_store,set_goal,2026-06-10
U0106,2026-06-05,35-39,app_store,first_saving,2026-06-17
U0106,2026-06-05,35-39,app_store,d30_active,2026-07-08
U0107,2026-07-27,25-29,ad,signup,2026-07-27
U0107,2026-07-27,25-29,ad,link_account,2026-07-27
U0107,2026-07-27,25-29,ad,set_goal,2026-08-01
U0107,2026-07-27,25-29,ad,first_saving,2026-08-08
U0108,2026-08-11,35-39,play_store,signup,2026-08-11
U0109,2026-06-29,25-29,play_store,signup,2026-06-29
U0110,2026-06-06,25-29,app_store,signup,2026-06-06
U0111,2026-08-08,30-34,app_store,signup,2026-08-08
U0111,2026-08-08,30-34,app_store,link_account,2026-08-11
U0111,2026-08-08,30-34,app_store,set_goal,2026-08-12
U0111,2026-08-08,30-34,app_store,first_saving,2026-08-19
U0112,2026-08-09,35-39,play_store,signup,2026-08-09
U0113,2026-08-01,30-34,app_store,signup,2026-08-01
U0114,2026-08-06,30-34,app_store,signup,2026-08-06
U0114,2026-08-06,30-34,app_store,link_account,2026-08-06
U0114,2026-08-06,30-34,app_store,set_goal,2026-08-08
U0114,2026-08-06,30-34,app_store,first_saving,2026-08-11
U0115,2026-08-18,35-39,app_store,signup,2026-08-18
U0115,2026-08-18,35-39,app_store,link_account,2026-08-21
U0115,2026-08-18,35-39,app_store,set_goal,2026-08-21
U0115,2026-08-18,35-39,app_store,first_saving,2026-08-22
U0115,2026-08-18,35-39,app_store,d30_active,2026-09-21
U0116,2026-07-15,25-29,play_store,signup,2026-07-15
U0116,2026-07-15,25-29,play_store,link_account,2026-07-15
U0116,2026-07-15,25-29,play_store,set_goal,2026-07-15
U0116,2026-07-15,25-29,play_store,first_saving,2026-07-18
U0116,2026-07-15,25-29,play_store,d30_active,2026-08-18
U0117,2026-06-29,25-29,play_store,signup,2026-06-29
U0118,2026-07-18,30-34,play_store,signup,2026-07-18
U0118,2026-07-18,30-34,play_store,link_account,2026-07-19
U0118,2026-07-18,30-34,play_store,set_goal,2026-07-19
U0119,2026-08-13,25-29,play_store,signup,2026-08-13
U0120,2026-06-13,35-39,app_store,signup,2026-06-13
U0120,2026-06-13,35-39,app_store,link_account,2026-06-13
U0120,2026-06-13,35-39,app_store,set_goal,2026-06-16
U0120,2026-06-13,35-39,app_store,first_saving,2026-06-23
U0120,2026-06-13,35-39,app_store,d30_active,2026-07-17
U0121,2026-06-15,30-34,app_store,signup,2026-06-15
U0121,2026-06-15,30-34,app_store,link_account,2026-06-16
U0121,2026-06-15,30-34,app_store,set_goal,2026-06-17
U0121,2026-06-15,30-34,app_store,first_saving,2026-06-18
U0122,2026-08-15,30-34,play_store,signup,2026-08-15
U0122,2026-08-15,30-34,play_store,link_account,2026-08-18
U0122,2026-08-15,30-34,play_store,set_goal,2026-08-19
U0123,2026-07-18,35-39,app_store,signup,2026-07-18
U0123,2026-07-18,35-39,app_store,link_account,2026-07-21
U0123,2026-07-18,35-39,app_store,set_goal,2026-07-23
U0124,2026-08-17,30-34,app_store,signup,2026-08-17
U0124,2026-08-17,30-34,app_store,link_account,2026-08-17
U0125,2026-06-25,25-29,play_store,signup,2026-06-25
U0125,2026-06-25,25-29,play_store,link_account,2026-06-26
U0126,2026-06-10,25-29,ad,signup,2026-06-10
U0126,2026-06-10,25-29,ad,link_account,2026-06-12
U0127,2026-08-14,25-29,app_store,signup,2026-08-14
U0128,2026-06-27,25-29,play_store,signup,2026-06-27
U0128,2026-06-27,25-29,play_store,link_account,2026-06-29
U0128,2026-06-27,25-29,play_store,set_goal,2026-07-04
U0129,2026-08-05,30-34,play_store,signup,2026-08-05
U0129,2026-08-05,30-34,play_store,link_account,2026-08-05
U0129,2026-08-05,30-34,play_store,set_goal,2026-08-12
U0129,2026-08-05,30-34,play_store,first_saving,2026-08-17
U0129,2026-08-05,30-34,play_store,d30_active,2026-09-05
U0130,2026-08-25,30-34,app_store,signup,2026-08-25
U0130,2026-08-25,30-34,app_store,link_account,2026-08-27
U0130,2026-08-25,30-34,app_store,set_goal,2026-08-29
U0130,2026-08-25,30-34,app_store,first_saving,2026-09-12
U0130,2026-08-25,30-34,app_store,d30_active,2026-09-27
U0131,2026-07-08,30-34,app_store,signup,2026-07-08
U0131,2026-07-08,30-34,app_store,link_account,2026-07-09
U0131,2026-07-08,30-34,app_store,set_goal,2026-07-14
U0132,2026-08-14,25-29,play_store,signup,2026-08-14
U0132,2026-08-14,25-29,play_store,link_account,2026-08-14
U0132,2026-08-14,25-29,play_store,set_goal,2026-08-14
U0132,2026-08-14,25-29,play_store,first_saving,2026-08-16
U0132,2026-08-14,25-29,play_store,d30_active,2026-09-13
U0133,2026-07-01,35-39,play_store,signup,2026-07-01
U0133,2026-07-01,35-39,play_store,link_account,2026-07-02
U0133,2026-07-01,35-39,play_store,set_goal,2026-07-03
U0134,2026-08-23,30-34,play_store,signup,2026-08-23
U0134,2026-08-23,30-34,play_store,link_account,2026-08-25
U0134,2026-08-23,30-34,play_store,set_goal,2026-08-28
U0135,2026-06-01,30-34,app_store,signup,2026-06-01
U0135,2026-06-01,30-34,app_store,link_account,2026-06-01
U0135,2026-06-01,30-34,app_store,set_goal,2026-06-06
U0135,2026-06-01,30-34,app_store,first_saving,2026-06-07
U0136,2026-07-15,30-34,play_store,signup,2026-07-15
U0136,2026-07-15,30-34,play_store,link_account,2026-07-15
U0136,2026-07-15,30-34,play_store,set_goal,2026-07-15
U0136,2026-07-15,30-34,play_store,first_saving,2026-07-20
U0136,2026-07-15,30-34,play_store,d30_active,2026-08-17
U0137,2026-08-12,30-34,referral,signup,2026-08-12
U0137,2026-08-12,30-34,referral,link_account,2026-08-14
U0137,2026-08-12,30-34,referral,set_goal,2026-08-15
U0137,2026-08-12,30-34,referral,first_saving,2026-08-22
U0137,2026-08-12,30-34,referral,d30_active,2026-09-11
U0138,2026-08-06,30-34,play_store,signup,2026-08-06
U0138,2026-08-06,30-34,play_store,link_account,2026-08-06
U0138,2026-08-06,30-34,play_store,set_goal,2026-08-06
U0138,2026-08-06,30-34,play_store,first_saving,2026-08-08
U0138,2026-08-06,30-34,play_store,d30_active,2026-09-06
U0139,2026-07-13,25-29,app_store,signup,2026-07-13
U0140,2026-07-06,25-29,app_store,signup,2026-07-06
U0140,2026-07-06,25-29,app_store,link_account,2026-07-09
U0141,2026-08-26,25-29,ad,signup,2026-08-26
U0141,2026-08-26,25-29,ad,link_account,2026-08-29
U0141,2026-08-26,25-29,ad,set_goal,2026-08-30
U0142,2026-06-10,25-29,app_store,signup,2026-06-10
U0142,2026-06-10,25-29,app_store,link_account,2026-06-12
U0142,2026-06-10,25-29,app_store,set_goal,2026-06-13
U0142,2026-06-10,25-29,app_store,first_saving,2026-06-20
U0142,2026-06-10,25-29,app_store,d30_active,2026-07-11
U0143,2026-07-02,30-34,play_store,signup,2026-07-02
U0144,2026-07-31,35-39,app_store,signup,2026-07-31
U0145,2026-06-14,25-29,play_store,signup,2026-06-14
U0146,2026-06-30,30-34,play_store,signup,2026-06-30
U0147,2026-07-07,25-29,ad,signup,2026-07-07
U0148,2026-07-13,25-29,app_store,signup,2026-07-13
U0148,2026-07-13,25-29,app_store,link_account,2026-07-15
U0148,2026-07-13,25-29,app_store,set_goal,2026-07-20
U0148,2026-07-13,25-29,app_store,first_saving,2026-07-25
U0148,2026-07-13,25-29,app_store,d30_active,2026-08-16
U0149,2026-06-21,25-29,app_store,signup,2026-06-21
U0150,2026-07-21,25-29,play_store,signup,2026-07-21
U0151,2026-08-27,35-39,app_store,signup,2026-08-27
U0151,2026-08-27,35-39,app_store,link_account,2026-08-28
U0151,2026-08-27,35-39,app_store,set_goal,2026-08-28
U0151,2026-08-27,35-39,app_store,first_saving,2026-08-30
U0151,2026-08-27,35-39,app_store,d30_active,2026-09-29
U0152,2026-08-21,35-39,ad,signup,2026-08-21
U0153,2026-08-23,30-34,app_store,signup,2026-08-23
U0153,2026-08-23,30-34,app_store,link_account,2026-08-26
U0153,2026-08-23,30-34,app_store,set_goal,2026-08-26
U0153,2026-08-23,30-34,app_store,first_saving,2026-08-28
U0153,2026-08-23,30-34,app_store,d30_active,2026-09-22
U0154,2026-07-30,30-34,app_store,signup,2026-07-30
U0155,2026-07-22,30-34,play_store,signup,2026-07-22
U0156,2026-07-12,30-34,app_store,signup,2026-07-12
U0156,2026-07-12,30-34,app_store,link_account,2026-07-13
U0156,2026-07-12,30-34,app_store,set_goal,2026-07-13
U0156,2026-07-12,30-34,app_store,first_saving,2026-07-27
U0157,2026-08-15,25-29,app_store,signup,2026-08-15
U0158,2026-08-08,35-39,ad,signup,2026-08-08
U0158,2026-08-08,35-39,ad,link_account,2026-08-09
U0158,2026-08-08,35-39,ad,set_goal,2026-08-16
U0159,2026-08-10,30-34,referral,signup,2026-08-10
U0159,2026-08-10,30-34,referral,link_account,2026-08-13
U0159,2026-08-10,30-34,referral,set_goal,2026-08-14
U0159,2026-08-10,30-34,referral,first_saving,2026-08-15
U0160,2026-08-20,30-34,ad,signup,2026-08-20
U0161,2026-08-22,30-34,referral,signup,2026-08-22
U0161,2026-08-22,30-34,referral,link_account,2026-08-25
U0161,2026-08-22,30-34,referral,set_goal,2026-08-30
U0162,2026-08-08,25-29,app_store,signup,2026-08-08
U0162,2026-08-08,25-29,app_store,link_account,2026-08-11
U0163,2026-08-11,30-34,play_store,signup,2026-08-11
U0163,2026-08-11,30-34,play_store,link_account,2026-08-11
U0164,2026-08-29,25-29,play_store,signup,2026-08-29
U0164,2026-08-29,25-29,play_store,link_account,2026-08-29
U0165,2026-07-27,35-39,ad,signup,2026-07-27
U0165,2026-07-27,35-39,ad,link_account,2026-07-27
U0165,2026-07-27,35-39,ad,set_goal,2026-07-28
U0166,2026-07-18,25-29,referral,signup,2026-07-18
U0166,2026-07-18,25-29,referral,link_account,2026-07-19
U0166,2026-07-18,25-29,referral,set_goal,2026-07-20
U0167,2026-08-07,30-34,ad,signup,2026-08-07
U0167,2026-08-07,30-34,ad,link_account,2026-08-07
U0168,2026-06-14,25-29,referral,signup,2026-06-14
U0168,2026-06-14,25-29,referral,link_account,2026-06-17
U0168,2026-06-14,25-29,referral,set_goal,2026-06-17
U0168,2026-06-14,25-29,referral,first_saving,2026-06-24
U0168,2026-06-14,25-29,referral,d30_active,2026-07-18
U0169,2026-07-26,35-39,ad,signup,2026-07-26
U0169,2026-07-26,35-39,ad,link_account,2026-07-26
U0169,2026-07-26,35-39,ad,set_goal,2026-07-27
U0169,2026-07-26,35-39,ad,first_saving,2026-07-28
U0169,2026-07-26,35-39,ad,d30_active,2026-08-28
U0170,2026-08-01,35-39,referral,signup,2026-08-01
U0170,2026-08-01,35-39,referral,link_account,2026-08-01
U0170,2026-08-01,35-39,referral,set_goal,2026-08-06
U0170,2026-08-01,35-39,referral,first_saving,2026-08-20
U0170,2026-08-01,35-39,referral,d30_active,2026-09-02
U0171,2026-06-09,30-34,ad,signup,2026-06-09
U0171,2026-06-09,30-34,ad,link_account,2026-06-12
U0171,2026-06-09,30-34,ad,set_goal,2026-06-13
U0171,2026-06-09,30-34,ad,first_saving,2026-06-23
U0171,2026-06-09,30-34,ad,d30_active,2026-07-09
U0172,2026-08-17,30-34,referral,signup,2026-08-17
U0173,2026-08-20,35-39,play_store,signup,2026-08-20
U0173,2026-08-20,35-39,play_store,link_account,2026-08-20
U0174,2026-07-29,30-34,app_store,signup,2026-07-29
U0175,2026-07-23,35-39,play_store,signup,2026-07-23
U0175,2026-07-23,35-39,play_store,link_account,2026-07-24
U0176,2026-07-28,35-39,play_store,signup,2026-07-28
U0177,2026-07-27,30-34,play_store,signup,2026-07-27
U0178,2026-08-30,25-29,referral,signup,2026-08-30
U0178,2026-08-30,25-29,referral,link_account,2026-08-30
U0178,2026-08-30,25-29,referral,set_goal,2026-09-06
U0178,2026-08-30,25-29,referral,first_saving,2026-09-08
U0178,2026-08-30,25-29,referral,d30_active,2026-09-30
U0179,2026-06-09,25-29,play_store,signup,2026-06-09
U0180,2026-07-18,30-34,ad,signup,2026-07-18
U0180,2026-07-18,30-34,ad,link_account,2026-07-18
U0180,2026-07-18,30-34,ad,set_goal,2026-07-23
U0181,2026-07-13,30-34,play_store,signup,2026-07-13
U0181,2026-07-13,30-34,play_store,link_account,2026-07-16
U0181,2026-07-13,30-34,play_store,set_goal,2026-07-16
U0181,2026-07-13,30-34,play_store,first_saving,2026-07-26
U0181,2026-07-13,30-34,play_store,d30_active,2026-08-13
U0182,2026-07-04,30-34,play_store,signup,2026-07-04
U0182,2026-07-04,30-34,play_store,link_account,2026-07-05
U0182,2026-07-04,30-34,play_store,set_goal,2026-07-05
U0182,2026-07-04,30-34,play_store,first_saving,2026-07-15
U0183,2026-08-19,25-29,ad,signup,2026-08-19
U0184,2026-07-16,30-34,app_store,signup,2026-07-16
U0184,2026-07-16,30-34,app_store,link_account,2026-07-16
U0184,2026-07-16,30-34,app_store,set_goal,2026-07-16
U0184,2026-07-16,30-34,app_store,first_saving,2026-07-30
U0184,2026-07-16,30-34,app_store,d30_active,2026-08-19
U0185,2026-07-16,25-29,referral,signup,2026-07-16
U0185,2026-07-16,25-29,referral,link_account,2026-07-19
U0185,2026-07-16,25-29,referral,set_goal,2026-07-21
U0185,2026-07-16,25-29,referral,first_saving,2026-07-22
U0185,2026-07-16,25-29,referral,d30_active,2026-08-17
U0186,2026-06-08,25-29,ad,signup,2026-06-08
U0186,2026-06-08,25-29,ad,link_account,2026-06-08
U0186,2026-06-08,25-29,ad,set_goal,2026-06-09
U0186,2026-06-08,25-29,ad,first_saving,2026-06-10
U0187,2026-08-25,30-34,play_store,signup,2026-08-25
U0187,2026-08-25,30-34,play_store,link_account,2026-08-23
U0188,2026-08-19,30-34,play_store,signup,2026-08-19
U0188,2026-08-19,30-34,play_store,link_account,2026-08-20
U0188,2026-08-19,30-34,play_store,set_goal,2026-08-20
U0188,2026-08-19,30-34,play_store,first_saving,2026-08-27
U0188,2026-08-19,30-34,play_store,d30_active,2026-09-21
U0189,2026-08-12,25-29,play_store,signup,2026-08-12
U0190,2026-07-03,30-34,app_store,signup,2026-07-03
U0190,2026-07-03,30-34,app_store,link_account,2026-07-04
U0190,2026-07-03,30-34,app_store,set_goal,2026-07-11
U0190,2026-07-03,30-34,app_store,first_saving,2026-07-25
U0190,2026-07-03,30-34,app_store,d30_active,2026-08-06
U0191,2026-07-01,25-29,app_store,signup,2026-07-01
U0191,2026-07-01,25-29,app_store,link_account,2026-07-02
U0191,2026-07-01,25-29,app_store,set_goal,2026-07-07
U0192,2026-08-04,30-34,app_store,signup,2026-08-04
U0192,2026-08-04,30-34,app_store,link_account,2026-08-05
U0192,2026-08-04,30-34,app_store,set_goal,2026-08-05
U0192,2026-08-04,30-34,app_store,first_saving,2026-08-19
U0192,2026-08-04,30-34,app_store,d30_active,2026-09-03
U0193,2026-08-17,25-29,ad,signup,2026-08-17
U0193,2026-08-17,25-29,ad,link_account,2026-08-17
U0194,2026-08-11,30-34,play_store,signup,2026-08-11
U0194,2026-08-11,30-34,play_store,link_account,2026-08-12
U0195,2026-08-22,25-29,play_store,signup,2026-08-22
U0195,2026-08-22,25-29,play_store,link_account,2026-08-23
U0195,2026-08-22,25-29,play_store,set_goal,2026-08-25
U0196,2026-06-14,25-29,ad,signup,2026-06-14
U0196,2026-06-14,25-29,ad,link_account,2026-06-17
U0196,2026-06-14,25-29,ad,set_goal,2026-06-24
U0196,2026-06-14,25-29,ad,first_saving,2026-06-29
U0196,2026-06-14,25-29,ad,d30_active,2026-07-14
U0197,2026-06-19,25-29,play_store,signup,2026-06-19
U0197,2026-06-19,25-29,play_store,link_account,2026-06-19
U0198,2026-06-29,30-34,app_store,signup,2026-06-29
U0198,2026-06-29,30-34,app_store,link_account,2026-06-29
U0198,2026-06-29,30-34,app_store,set_goal,2026-06-30
U0198,2026-06-29,30-34,app_store,first_saving,2026-07-07
U0199,2026-07-09,35-39,app_store,signup,2026-07-09
U0199,2026-07-09,35-39,app_store,link_account,2026-07-10
U0200,2026-06-25,25-29,play_store,signup,2026-06-25
U0201,2026-08-06,35-39,play_store,signup,2026-08-06
U0202,2026-06-01,35-39,play_store,signup,2026-06-01
U0202,2026-06-01,35-39,play_store,link_account,2026-06-01
U0202,2026-06-01,35-39,play_store,set_goal,2026-06-06
U0203,2026-06-12,25-29,ad,signup,2026-06-12
U0203,2026-06-12,25-29,ad,link_account,2026-06-12
U0203,2026-06-12,25-29,ad,set_goal,2026-06-15
U0203,2026-06-12,25-29,ad,first_saving,2026-06-22
U0203,2026-06-12,25-29,ad,d30_active,2026-07-14
U0204,2026-07-10,25-29,play_store,signup,2026-07-10
U0204,2026-07-10,25-29,play_store,link_account,2026-07-10
U0204,2026-07-10,25-29,play_store,set_goal,2026-07-15
U0204,2026-07-10,25-29,play_store,first_saving,2026-07-22
U0204,2026-07-10,25-29,play_store,d30_active,2026-08-13
U0205,2026-07-14,30-34,app_store,signup,2026-07-14
U0205,2026-07-14,30-34,app_store,link_account,2026-07-14
U0206,2026-07-01,30-34,app_store,signup,2026-07-01
U0206,2026-07-01,30-34,app_store,link_account,2026-07-02
U0206,2026-07-01,30-34,app_store,set_goal,2026-07-05
U0206,2026-07-01,30-34,app_store,first_saving,2026-07-06
U0206,2026-07-01,30-34,app_store,d30_active,2026-08-02
U0207,2026-08-03,25-29,app_store,signup,2026-08-03
U0207,2026-08-03,25-29,app_store,link_account,2026-08-04
U0208,2026-08-30,25-29,app_store,signup,2026-08-30
U0208,2026-08-30,25-29,app_store,link_account,2026-09-02
U0209,2026-07-01,25-29,play_store,signup,2026-07-01
U0209,2026-07-01,25-29,play_store,link_account,2026-07-01
U0209,2026-07-01,25-29,play_store,set_goal,2026-07-03
U0210,2026-08-14,35-39,app_store,signup,2026-08-14
U0210,2026-08-14,35-39,app_store,link_account,2026-08-15
U0210,2026-08-14,35-39,app_store,set_goal,2026-08-20
U0210,2026-08-14,35-39,app_store,first_saving,2026-08-27
U0211,2026-07-18,25-29,play_store,signup,2026-07-18
U0211,2026-07-18,25-29,play_store,link_account,2026-07-19
U0212,2026-08-08,25-29,play_store,signup,2026-08-08
U0212,2026-08-08,25-29,play_store,link_account,2026-08-10
U0213,2026-07-11,30-34,app_store,signup,2026-07-11
U0214,2026-06-11,25-29,app_store,signup,2026-06-11
U0214,2026-06-11,25-29,app_store,link_account,2026-06-11
U0215,2026-07-05,35-39,ad,signup,2026-07-05
U0216,2026-07-25,30-34,app_store,signup,2026-07-25
U0217,2026-08-30,30-34,referral,signup,2026-08-30
U0217,2026-08-30,30-34,referral,link_account,2026-08-30
U0217,2026-08-30,30-34,referral,set_goal,2026-09-02
U0218,2026-06-05,30-34,play_store,signup,2026-06-05
U0218,2026-06-05,30-34,play_store,link_account,2026-06-05
U0218,2026-06-05,30-34,play_store,set_goal,2026-06-06
U0218,2026-06-05,30-34,play_store,first_saving,2026-06-13
U0218,2026-06-05,30-34,play_store,d30_active,2026-07-08
U0219,2026-06-07,25-29,app_store,signup,2026-06-07
U0219,2026-06-07,25-29,app_store,link_account,2026-06-08
U0220,2026-06-03,30-34,app_store,signup,2026-06-03
U0221,2026-07-03,35-39,app_store,signup,2026-07-03
U0221,2026-07-03,35-39,app_store,link_account,2026-07-05
U0222,2026-08-22,35-39,ad,signup,2026-08-22
U0222,2026-08-22,35-39,ad,link_account,2026-08-22
U0223,2026-08-05,35-39,play_store,signup,2026-08-05
U0223,2026-08-05,35-39,play_store,link_account,2026-08-05
U0223,2026-08-05,35-39,play_store,set_goal,2026-08-05
U0223,2026-08-05,35-39,play_store,first_saving,2026-08-10
U0224,2026-07-02,25-29,play_store,signup,2026-07-02
U0225,2026-08-24,30-34,ad,signup,2026-08-24
U0225,2026-08-24,30-34,ad,link_account,2026-08-25
U0225,2026-08-24,30-34,ad,set_goal,2026-08-26
U0226,2026-07-21,30-34,play_store,signup,2026-07-21
U0226,2026-07-21,30-34,play_store,link_account,2026-07-23
U0226,2026-07-21,30-34,play_store,set_goal,2026-07-24
U0226,2026-07-21,30-34,play_store,first_saving,2026-07-31
U0226,2026-07-21,30-34,play_store,d30_active,2026-08-24
U0227,2026-07-09,30-34,app_store,signup,2026-07-09
U0227,2026-07-09,30-34,app_store,link_account,2026-07-10
U0227,2026-07-09,30-34,app_store,set_goal,2026-07-10
U0227,2026-07-09,30-34,app_store,first_saving,2026-07-24
U0227,2026-07-09,30-34,app_store,d30_active,2026-08-09
U0228,2026-06-13,30-34,referral,signup,2026-06-13
U0228,2026-06-13,30-34,referral,link_account,2026-06-14
U0228,2026-06-13,30-34,referral,set_goal,2026-06-15
U0228,2026-06-13,30-34,referral,first_saving,2026-06-29
U0229,2026-07-29,30-34,app_store,signup,2026-07-29
U0229,2026-07-29,30-34,app_store,link_account,2026-08-01
U0229,2026-07-29,30-34,app_store,set_goal,2026-08-02
U0229,2026-07-29,30-34,app_store,first_saving,2026-08-04
U0229,2026-07-29,30-34,app_store,d30_active,2026-09-01
U0230,2026-08-22,35-39,app_store,signup,2026-08-22
U0230,2026-08-22,35-39,app_store,link_account,2026-08-23
U0230,2026-08-22,35-39,app_store,set_goal,2026-08-24
U0230,2026-08-22,35-39,app_store,first_saving,2026-08-31
U0230,2026-08-22,35-39,app_store,d30_active,2026-09-23
U0231,2026-07-10,35-39,play_store,signup,2026-07-10
U0232,2026-08-17,30-34,play_store,signup,2026-08-17
U0232,2026-08-17,30-34,play_store,link_account,2026-08-18
U0232,2026-08-17,30-34,play_store,set_goal,2026-08-18
U0232,2026-08-17,30-34,play_store,first_saving,2026-08-23
U0232,2026-08-17,30-34,play_store,d30_active,2026-09-20
U0233,2026-07-14,25-29,referral,signup,2026-07-14
U0233,2026-07-14,25-29,referral,link_account,2026-07-14
U0233,2026-07-14,25-29,referral,set_goal,2026-07-14
U0233,2026-07-14,25-29,referral,first_saving,2026-07-15
U0233,2026-07-14,25-29,referral,d30_active,2026-08-13
U0234,2026-06-24,25-29,app_store,signup,2026-06-24
U0234,2026-06-24,25-29,app_store,link_account,2026-06-27
U0234,2026-06-24,25-29,app_store,set_goal,2026-06-28
U0234,2026-06-24,25-29,app_store,first_saving,2026-06-29
U0234,2026-06-24,25-29,app_store,d30_active,2026-07-27
U0235,2026-06-01,35-39,app_store,signup,2026-06-01
U0235,2026-06-01,35-39,app_store,link_account,2026-06-03
U0236,2026-08-12,25-29,app_store,signup,2026-08-12
U0237,2026-08-30,25-29,app_store,signup,2026-08-30
U0237,2026-08-30,25-29,app_store,link_account,2026-08-30
U0237,2026-08-30,25-29,app_store,set_goal,2026-08-30
U0238,2026-08-29,25-29,ad,signup,2026-08-29
U0239,2026-07-18,35-39,play_store,signup,2026-07-18
U0239,2026-07-18,35-39,play_store,link_account,2026-07-18
U0239,2026-07-18,35-39,play_store,set_goal,2026-07-19
U0239,2026-07-18,35-39,play_store,first_saving,2026-07-29
U0239,2026-07-18,35-39,play_store,d30_active,2026-08-18
U0240,2026-08-01,25-29,app_store,signup,2026-08-01
U0240,2026-08-01,25-29,app_store,link_account,2026-08-01
U0240,2026-08-01,25-29,app_store,set_goal,2026-08-02
U0241,2026-06-25,25-29,play_store,signup,2026-06-25
U0242,2026-06-13,30-34,app_store,signup,2026-06-13
U0242,2026-06-13,30-34,app_store,link_account,2026-06-15
U0242,2026-06-13,30-34,app_store,set_goal,2026-06-18
U0243,2026-07-21,35-39,app_store,signup,2026-07-21
U0243,2026-07-21,35-39,app_store,link_account,2026-07-23
U0243,2026-07-21,35-39,app_store,set_goal,2026-07-23
U0243,2026-07-21,35-39,app_store,first_saving,2026-08-02
U0243,2026-07-21,35-39,app_store,d30_active,2026-08-20
U0244,2026-07-02,35-39,play_store,signup,2026-07-02
U0245,2026-06-22,30-34,play_store,signup,2026-06-22
U0246,2026-06-10,25-29,app_store,signup,2026-06-10
U0247,2026-07-09,35-39,app_store,signup,2026-07-09
U0247,2026-07-09,35-39,app_store,link_account,2026-07-11
U0247,2026-07-09,35-39,app_store,set_goal,2026-07-16
U0247,2026-07-09,35-39,app_store,first_saving,2026-07-26
U0247,2026-07-09,35-39,app_store,d30_active,2026-08-12
U0248,2026-07-11,25-29,ad,signup,2026-07-11
U0249,2026-07-02,25-29,app_store,signup,2026-07-02
U0249,2026-07-02,25-29,app_store,link_account,2026-07-03
U0249,2026-07-02,25-29,app_store,set_goal,2026-07-03
U0249,2026-07-02,25-29,app_store,first_saving,2026-07-05
U0250,2026-08-26,35-39,play_store,signup,2026-08-26
U0250,2026-08-26,35-39,play_store,link_account,2026-08-27
U0251,2026-07-16,30-34,ad,signup,2026-07-16
U0252,2026-08-31,25-29,app_store,signup,2026-08-31
U0252,2026-08-31,25-29,app_store,link_account,2026-09-02
U0252,2026-08-31,25-29,app_store,set_goal,2026-09-03
U0253,2026-08-31,30-34,referral,signup,2026-08-31
U0253,2026-08-31,30-34,referral,link_account,2026-08-31
U0253,2026-08-31,30-34,referral,set_goal,2026-09-03
U0253,2026-08-31,30-34,referral,first_saving,2026-09-06
U0253,2026-08-31,30-34,referral,d30_active,2026-10-01
U0254,2026-08-24,30-34,ad,signup,2026-08-24
U0255,2026-07-19,30-34,play_store,signup,2026-07-19
U0256,2026-07-15,25-29,play_store,signup,2026-07-15
U0256,2026-07-15,25-29,play_store,link_account,2026-07-18
U0257,2026-08-04,35-39,ad,signup,2026-08-04
U0257,2026-08-04,35-39,ad,link_account,2026-08-05
U0257,2026-08-04,35-39,ad,set_goal,2026-08-05
U0257,2026-08-04,35-39,ad,first_saving,2026-08-10
U0257,2026-08-04,35-39,ad,d30_active,2026-09-07
U0258,2026-07-02,25-29,play_store,signup,2026-07-02
U0258,2026-07-02,25-29,play_store,link_account,2026-07-02
U0258,2026-07-02,25-29,play_store,set_goal,2026-07-05
U0258,2026-07-02,25-29,play_store,first_saving,2026-07-08
U0259,2026-07-02,35-39,referral,signup,2026-07-02
U0259,2026-07-02,35-39,referral,link_account,2026-07-02
U0259,2026-07-02,35-39,referral,set_goal,2026-07-05
U0259,2026-07-02,35-39,referral,first_saving,2026-07-06
U0260,2026-08-29,30-34,ad,signup,2026-08-29
U0260,2026-08-29,30-34,ad,signup,2026-08-29
U0260,2026-08-29,30-34,ad,link_account,2026-08-30
U0261,2026-07-14,25-29,app_store,signup,2026-07-14
U0261,2026-07-14,25-29,app_store,link_account,2026-07-14
U0261,2026-07-14,25-29,app_store,set_goal,2026-07-15
U0262,2026-06-11,25-29,ad,signup,2026-06-11
U0263,2026-08-15,25-29,ad,signup,2026-08-15
U0264,2026-08-28,25-29,play_store,signup,2026-08-28
U0264,2026-08-28,25-29,play_store,link_account,2026-08-29
U0265,2026-08-04,30-34,play_store,signup,2026-08-04
U0266,2026-07-11,35-39,play_store,signup,2026-07-11
U0267,2026-07-06,35-39,play_store,signup,2026-07-06
U0267,2026-07-06,35-39,play_store,link_account,2026-07-06
U0267,2026-07-06,35-39,play_store,set_goal,2026-07-07
U0267,2026-07-06,35-39,play_store,first_saving,2026-07-17
U0267,2026-07-06,35-39,play_store,d30_active,2026-08-05
U0268,2026-07-09,25-29,play_store,signup,2026-07-09
U0268,2026-07-09,25-29,play_store,link_account,2026-07-11
U0268,2026-07-09,25-29,play_store,set_goal,2026-07-12
U0268,2026-07-09,25-29,play_store,first_saving,2026-07-19
U0268,2026-07-09,25-29,play_store,d30_active,2026-08-11
U0269,2026-07-04,30-34,play_store,signup,2026-07-04
U0270,2026-07-25,30-34,play_store,signup,2026-07-25
U0270,2026-07-25,30-34,play_store,link_account,2026-07-26
U0270,2026-07-25,30-34,play_store,set_goal,2026-07-27
U0270,2026-07-25,30-34,play_store,first_saving,2026-07-30
U0270,2026-07-25,30-34,play_store,d30_active,2026-08-26
U0271,2026-07-30,25-29,referral,signup,2026-07-30
U0271,2026-07-30,25-29,referral,link_account,2026-07-31
U0272,2026-07-15,30-34,app_store,signup,2026-07-15
U0272,2026-07-15,30-34,app_store,link_account,2026-07-15
U0273,2026-08-05,30-34,app_store,signup,2026-08-05
U0273,2026-08-05,30-34,app_store,link_account,2026-08-08
U0273,2026-08-05,30-34,app_store,set_goal,2026-08-08
U0273,2026-08-05,30-34,app_store,first_saving,2026-08-10
U0273,2026-08-05,30-34,app_store,d30_active,2026-09-08
U0274,2026-08-22,25-29,play_store,signup,2026-08-22
U0274,2026-08-22,25-29,play_store,link_account,2026-08-25
U0274,2026-08-22,25-29,play_store,set_goal,2026-08-27
U0274,2026-08-22,25-29,play_store,first_saving,2026-08-28
U0274,2026-08-22,25-29,play_store,d30_active,2026-09-24
U0275,2026-07-30,30-34,app_store,signup,2026-07-30
U0275,2026-07-30,30-34,app_store,link_account,2026-07-30
U0275,2026-07-30,30-34,app_store,set_goal,2026-07-31
U0275,2026-07-30,30-34,app_store,first_saving,2026-08-05
U0275,2026-07-30,30-34,app_store,d30_active,2026-08-30
U0276,2026-08-26,35-39,app_store,signup,2026-08-26
U0276,2026-08-26,35-39,app_store,link_account,2026-08-27
U0276,2026-08-26,35-39,app_store,set_goal,2026-08-30
U0276,2026-08-26,35-39,app_store,first_saving,2026-09-06
U0276,2026-08-26,35-39,app_store,d30_active,2026-09-29
U0277,2026-08-15,30-34,ad,signup,2026-08-15
U0277,2026-08-15,30-34,ad,link_account,2026-08-15
U0278,2026-08-01,30-34,referral,signup,2026-08-01
U0278,2026-08-01,30-34,referral,link_account,2026-08-03
U0278,2026-08-01,30-34,referral,set_goal,2026-08-08
U0278,2026-08-01,30-34,referral,first_saving,2026-08-13
U0278,2026-08-01,30-34,referral,d30_active,2026-09-03
U0279,2026-06-01,35-39,app_store,signup,2026-06-01
U0279,2026-06-01,35-39,app_store,link_account,2026-06-02
U0279,2026-06-01,35-39,app_store,set_goal,2026-06-03
U0279,2026-06-01,35-39,app_store,first_saving,2026-06-04
U0280,2026-07-03,25-29,app_store,signup,2026-07-03
U0280,2026-07-03,25-29,app_store,link_account,2026-07-05
U0281,2026-08-28,25-29,referral,signup,2026-08-28
U0281,2026-08-28,25-29,referral,link_account,2026-08-31
U0281,2026-08-28,25-29,referral,set_goal,2026-09-05
U0281,2026-08-28,25-29,referral,first_saving,2026-09-12
U0281,2026-08-28,25-29,referral,d30_active,2026-09-28
U0282,2026-08-15,25-29,app_store,signup,2026-08-15
U0282,2026-08-15,25-29,app_store,link_account,2026-08-17
U0283,2026-06-10,30-34,referral,signup,2026-06-10
U0283,2026-06-10,30-34,referral,link_account,2026-06-10
U0283,2026-06-10,30-34,referral,set_goal,2026-06-10
U0283,2026-06-10,30-34,referral,first_saving,2026-06-20
U0283,2026-06-10,30-34,referral,d30_active,2026-07-11
U0284,2026-08-08,35-39,app_store,signup,2026-08-08
U0284,2026-08-08,35-39,app_store,link_account,2026-08-08
U0284,2026-08-08,35-39,app_store,set_goal,2026-08-11
U0285,2026-08-06,30-34,play_store,signup,2026-08-06
U0285,2026-08-06,30-34,play_store,link_account,2026-08-08
U0286,2026-07-24,35-39,play_store,signup,2026-07-24
U0286,2026-07-24,35-39,play_store,link_account,2026-07-24
U0287,2026-08-17,30-34,app_store,signup,2026-08-17
U0287,2026-08-17,30-34,app_store,link_account,2026-08-18
U0288,2026-08-06,30-34,referral,signup,2026-08-06
U0288,2026-08-06,30-34,referral,link_account,2026-08-08
U0289,2026-06-20,30-34,ad,signup,2026-06-20
U0289,2026-06-20,30-34,ad,link_account,2026-06-22
U0289,2026-06-20,30-34,ad,set_goal,2026-06-29
U0289,2026-06-20,30-34,ad,first_saving,2026-07-04
U0290,2026-07-31,25-29,ad,signup,2026-07-31
U0290,2026-07-31,25-29,ad,link_account,2026-08-02
U0290,2026-07-31,25-29,ad,set_goal,2026-08-07
U0290,2026-07-31,25-29,ad,first_saving,2026-08-21
U0291,2026-06-21,30-34,app_store,signup,2026-06-21
U0291,2026-06-21,30-34,app_store,link_account,2026-06-24
U0291,2026-06-21,30-34,app_store,set_goal,2026-06-29
U0292,2026-08-15,30-34,app_store,signup,2026-08-15
U0292,2026-08-15,30-34,app_store,link_account,2026-08-16
U0292,2026-08-15,30-34,app_store,set_goal,2026-08-18
U0292,2026-08-15,30-34,app_store,first_saving,2026-08-25
U0292,2026-08-15,30-34,app_store,d30_active,2026-09-14
U0293,2026-07-10,25-29,ad,signup,2026-07-10
U0293,2026-07-10,25-29,ad,link_account,2026-07-10
U0294,2026-06-11,35-39,play_store,signup,2026-06-11
U0294,2026-06-11,35-39,play_store,link_account,2026-06-14
U0294,2026-06-11,35-39,play_store,set_goal,2026-06-19
U0294,2026-06-11,35-39,play_store,first_saving,2026-06-29
U0294,2026-06-11,35-39,play_store,d30_active,2026-07-13
U0295,2026-07-09,30-34,play_store,signup,2026-07-09
U0295,2026-07-09,30-34,play_store,link_account,2026-07-09
U0295,2026-07-09,30-34,play_store,set_goal,2026-07-10
U0295,2026-07-09,30-34,play_store,first_saving,2026-07-12
U0296,2026-07-06,25-29,app_store,signup,2026-07-06
U0296,2026-07-06,25-29,app_store,link_account,2026-07-06
U0297,2026-07-16,35-39,play_store,signup,2026-07-16
U0297,2026-07-16,35-39,play_store,link_account,2026-07-19
U0297,2026-07-16,35-39,play_store,set_goal,2026-07-21
U0297,2026-07-16,35-39,play_store,first_saving,2026-08-04
U0297,2026-07-16,35-39,play_store,d30_active,2026-08-19
U0298,2026-07-28,30-34,play_store,signup,2026-07-28
U0298,2026-07-28,30-34,play_store,link_account,2026-07-29
U0299,2026-07-04,30-34,play_store,signup,2026-07-04
U0299,2026-07-04,30-34,play_store,link_account,2026-07-07
U0299,2026-07-04,30-34,play_store,set_goal,2026-07-14
U0299,2026-07-04,30-34,play_store,first_saving,2026-07-15
U0299,2026-07-04,30-34,play_store,d30_active,2026-08-06
U0300,2026-07-01,25-29,play_store,signup,2026-07-01
U0300,2026-07-01,25-29,play_store,link_account,2026-07-02
U0301,2026-08-06,25-29,app_store,signup,2026-08-06
U0301,2026-08-06,25-29,app_store,link_account,2026-08-07
U0302,2026-07-13,35-39,ad,signup,2026-07-13
U0303,2026-08-24,30-34,play_store,signup,2026-08-24
U0303,2026-08-24,30-34,play_store,link_account,2026-08-27
U0303,2026-08-24,30-34,play_store,set_goal,2026-08-29
U0303,2026-08-24,30-34,play_store,first_saving,2026-09-05
U0303,2026-08-24,30-34,play_store,d30_active,2026-09-25
U0304,2026-07-09,30-34,referral,signup,2026-07-09
U0304,2026-07-09,30-34,referral,link_account,2026-07-11
U0304,2026-07-09,30-34,referral,set_goal,2026-07-12
U0305,2026-08-14,25-29,ad,signup,2026-08-14
U0305,2026-08-14,25-29,ad,link_account,2026-08-15
U0305,2026-08-14,25-29,ad,set_goal,2026-08-15
U0305,2026-08-14,25-29,ad,first_saving,2026-08-25
U0305,2026-08-14,25-29,ad,d30_active,2026-09-15
U0306,2026-06-08,25-29,ad,signup,2026-06-08
U0306,2026-06-08,25-29,ad,link_account,2026-06-10
U0306,2026-06-08,25-29,ad,set_goal,2026-06-11
U0306,2026-06-08,25-29,ad,first_saving,2026-06-21
U0306,2026-06-08,25-29,ad,d30_active,2026-07-09
U0307,2026-06-24,30-34,ad,signup,2026-06-24
U0307,2026-06-24,30-34,ad,link_account,2026-06-25
U0308,2026-07-15,30-34,referral,signup,2026-07-15
U0308,2026-07-15,30-34,referral,link_account,2026-07-15
U0308,2026-07-15,30-34,referral,set_goal,2026-07-16
U0308,2026-07-15,30-34,referral,first_saving,2026-07-26
U0308,2026-07-15,30-34,referral,d30_active,2026-08-16
U0309,2026-07-29,25-29,app_store,signup,2026-07-29
U0309,2026-07-29,25-29,app_store,link_account,2026-07-29
U0309,2026-07-29,25-29,app_store,set_goal,2026-07-30
U0310,2026-07-22,25-29,play_store,signup,2026-07-22
U0311,2026-08-06,25-29,play_store,signup,2026-08-06
U0311,2026-08-06,25-29,play_store,link_account,2026-08-06
U0312,2026-06-18,35-39,app_store,signup,2026-06-18
U0312,2026-06-18,35-39,app_store,link_account,2026-06-21
U0313,2026-08-14,25-29,play_store,signup,2026-08-14
U0313,2026-08-14,25-29,play_store,link_account,2026-08-14
U0313,2026-08-14,25-29,play_store,set_goal,2026-08-15
U0313,2026-08-14,25-29,play_store,first_saving,2026-08-29
U0313,2026-08-14,25-29,play_store,d30_active,2026-09-16
U0314,2026-07-25,30-34,referral,signup,2026-07-25
U0314,2026-07-25,30-34,referral,link_account,2026-07-28
U0314,2026-07-25,30-34,referral,set_goal,2026-07-28
U0314,2026-07-25,30-34,referral,first_saving,2026-07-29
U0314,2026-07-25,30-34,referral,d30_active,2026-08-28
U0315,2026-06-03,25-29,referral,signup,2026-06-03
U0315,2026-06-03,25-29,referral,link_account,2026-06-06
U0315,2026-06-03,25-29,referral,set_goal,2026-06-07
U0316,2026-06-06,30-34,ad,signup,2026-06-06
U0316,2026-06-06,30-34,ad,link_account,2026-06-06
U0316,2026-06-06,30-34,ad,set_goal,2026-06-07
U0316,2026-06-06,30-34,ad,first_saving,2026-06-21
U0316,2026-06-06,30-34,ad,d30_active,2026-07-08
U0317,2026-07-27,25-29,play_store,signup,2026-07-27
U0317,2026-07-27,25-29,play_store,link_account,2026-07-30
U0317,2026-07-27,25-29,play_store,set_goal,2026-07-31
U0318,2026-08-25,30-34,app_store,signup,2026-08-25
U0318,2026-08-25,30-34,app_store,link_account,2026-08-26
U0318,2026-08-25,30-34,app_store,set_goal,2026-08-27
U0318,2026-08-25,30-34,app_store,first_saving,2026-09-10
U0318,2026-08-25,30-34,app_store,d30_active,2026-09-24
U0319,2026-08-04,30-34,ad,signup,2026-08-04
U0319,2026-08-04,30-34,ad,link_account,2026-08-04
U0319,2026-08-04,30-34,ad,set_goal,2026-08-04
U0319,2026-08-04,30-34,ad,first_saving,2026-08-11
U0320,2026-06-10,35-39,play_store,signup,2026-06-10
U0320,2026-06-10,35-39,play_store,link_account,2026-06-10
U0320,2026-06-10,35-39,play_store,set_goal,2026-06-12
U0321,2026-06-18,30-34,app_store,signup,2026-06-18
U0321,2026-06-18,30-34,app_store,link_account,2026-06-19
U0322,2026-06-20,25-29,app_store,signup,2026-06-20
U0322,2026-06-20,25-29,app_store,link_account,2026-06-20
U0322,2026-06-20,25-29,app_store,set_goal,2026-06-25
U0322,2026-06-20,25-29,app_store,first_saving,2026-06-30
U0322,2026-06-20,25-29,app_store,d30_active,2026-07-22
U0323,2026-07-06,35-39,app_store,signup,2026-07-06
U0323,2026-07-06,35-39,app_store,link_account,2026-07-06
U0324,2026-07-19,25-29,ad,signup,2026-07-19
U0324,2026-07-19,25-29,ad,link_account,2026-07-19
U0325,2026-07-24,25-29,app_store,signup,2026-07-24
U0325,2026-07-24,25-29,app_store,link_account,2026-07-24
U0325,2026-07-24,25-29,app_store,set_goal,2026-07-24
U0326,2026-07-22,35-39,ad,signup,2026-07-22
U0327,2026-07-27,30-34,play_store,signup,2026-07-27
U0327,2026-07-27,30-34,play_store,link_account,2026-07-27
U0328,2026-08-13,25-29,app_store,signup,2026-08-13
U0328,2026-08-13,25-29,app_store,link_account,2026-08-15
U0329,2026-06-05,25-29,play_store,signup,2026-06-05
U0330,2026-06-01,35-39,play_store,signup,2026-06-01
U0330,2026-06-01,35-39,play_store,link_account,2026-06-02
U0330,2026-06-01,35-39,play_store,set_goal,2026-06-09
U0330,2026-06-01,35-39,play_store,first_saving,2026-06-12
U0330,2026-06-01,35-39,play_store,d30_active,2026-07-02
U0331,2026-08-20,25-29,app_store,signup,2026-08-20
U0331,2026-08-20,25-29,app_store,link_account,2026-08-21
U0332,2026-08-31,30-34,play_store,signup,2026-08-31
U0332,2026-08-31,30-34,play_store,link_account,2026-08-31
U0332,2026-08-31,30-34,play_store,set_goal,2026-08-31
U0332,2026-08-31,30-34,play_store,first_saving,2026-09-01
U0332,2026-08-31,30-34,play_store,d30_active,2026-09-30
U0333,2026-07-29,30-34,ad,signup,2026-07-29
U0333,2026-07-29,30-34,ad,link_account,2026-07-27
U0334,2026-07-25,25-29,play_store,signup,2026-07-25
U0334,2026-07-25,25-29,play_store,link_account,2026-07-25
U0334,2026-07-25,25-29,play_store,set_goal,2026-07-26
U0334,2026-07-25,25-29,play_store,first_saving,2026-07-28
U0335,2026-06-16,25-29,app_store,signup,2026-06-16
U0335,2026-06-16,25-29,app_store,link_account,2026-06-17
U0336,2026-07-14,35-39,app_store,signup,2026-07-14
U0337,2026-06-26,30-34,app_store,signup,2026-06-26
U0337,2026-06-26,30-34,app_store,link_account,2026-06-26
U0337,2026-06-26,30-34,app_store,set_goal,2026-06-27
U0337,2026-06-26,30-34,app_store,first_saving,2026-07-04
U0337,2026-06-26,30-34,app_store,d30_active,2026-07-29
U0338,2026-08-06,25-29,play_store,signup,2026-08-06
U0338,2026-08-06,25-29,play_store,link_account,2026-08-06
U0338,2026-08-06,25-29,play_store,set_goal,2026-08-07
U0339,2026-08-31,25-29,play_store,signup,2026-08-31
U0339,2026-08-31,25-29,play_store,link_account,2026-08-31
U0339,2026-08-31,25-29,play_store,set_goal,2026-09-03
U0339,2026-08-31,25-29,play_store,first_saving,2026-09-10
U0339,2026-08-31,25-29,play_store,d30_active,2026-10-01
U0340,2026-07-14,30-34,play_store,signup,2026-07-14
U0340,2026-07-14,30-34,play_store,link_account,2026-07-16
U0340,2026-07-14,30-34,play_store,set_goal,2026-07-16
U0340,2026-07-14,30-34,play_store,first_saving,2026-07-17
U0340,2026-07-14,30-34,play_store,d30_active,2026-08-16
U0341,2026-06-09,35-39,play_store,signup,2026-06-09
U0341,2026-06-09,35-39,play_store,link_account,2026-06-09
U0341,2026-06-09,35-39,play_store,set_goal,2026-06-11
U0342,2026-07-15,25-29,app_store,signup,2026-07-15
U0342,2026-07-15,25-29,app_store,link_account,2026-07-15
U0342,2026-07-15,25-29,app_store,set_goal,2026-07-20
U0343,2026-08-02,25-29,play_store,signup,2026-08-02
U0343,2026-08-02,25-29,play_store,link_account,2026-08-03
U0343,2026-08-02,25-29,play_store,set_goal,2026-08-06
U0343,2026-08-02,25-29,play_store,first_saving,2026-08-20
U0344,2026-07-06,30-34,ad,signup,2026-07-06
U0344,2026-07-06,30-34,ad,link_account,2026-07-06
U0345,2026-08-21,25-29,app_store,signup,2026-08-21
U0345,2026-08-21,25-29,app_store,link_account,2026-08-21
U0345,2026-08-21,25-29,app_store,set_goal,2026-08-22
U0345,2026-08-21,25-29,app_store,first_saving,2026-08-23
U0345,2026-08-21,25-29,app_store,d30_active,2026-09-22
U0346,2026-08-15,25-29,referral,signup,2026-08-15
U0346,2026-08-15,25-29,referral,link_account,2026-08-15
U0346,2026-08-15,25-29,referral,set_goal,2026-08-17
U0347,2026-08-10,25-29,ad,signup,2026-08-10
U0347,2026-08-10,25-29,ad,link_account,2026-08-10
U0347,2026-08-10,25-29,ad,set_goal,2026-08-12
U0347,2026-08-10,25-29,ad,first_saving,2026-08-26
U0347,2026-08-10,25-29,ad,d30_active,2026-09-12
U0348,2026-08-25,30-34,play_store,signup,2026-08-25
U0348,2026-08-25,30-34,play_store,link_account,2026-08-26
U0348,2026-08-25,30-34,play_store,set_goal,2026-08-27
U0349,2026-06-27,25-29,app_store,signup,2026-06-27
U0349,2026-06-27,25-29,app_store,link_account,2026-06-27
U0349,2026-06-27,25-29,app_store,set_goal,2026-07-02
U0349,2026-06-27,25-29,app_store,first_saving,2026-07-03
U0350,2026-07-13,30-34,app_store,signup,2026-07-13
U0350,2026-07-13,30-34,app_store,link_account,2026-07-16
U0350,2026-07-13,30-34,app_store,set_goal,2026-07-16
U0350,2026-07-13,30-34,app_store,first_saving,2026-07-18
U0350,2026-07-13,30-34,app_store,d30_active,2026-08-15
U0351,2026-08-03,30-34,referral,signup,2026-08-03
U0351,2026-08-03,30-34,referral,link_account,2026-08-04
U0351,2026-08-03,30-34,referral,set_goal,2026-08-05
U0352,2026-07-02,35-39,play_store,signup,2026-07-02
U0352,2026-07-02,35-39,play_store,link_account,2026-07-04
U0352,2026-07-02,35-39,play_store,set_goal,2026-07-04
U0352,2026-07-02,35-39,play_store,first_saving,2026-07-06
U0352,2026-07-02,35-39,play_store,d30_active,2026-08-03
U0353,2026-06-10,35-39,app_store,signup,2026-06-10
U0353,2026-06-10,35-39,app_store,link_account,2026-06-13
U0353,2026-06-10,35-39,app_store,set_goal,2026-06-14
U0353,2026-06-10,35-39,app_store,first_saving,2026-06-17
U0353,2026-06-10,35-39,app_store,d30_active,2026-07-10
U0354,2026-08-20,25-29,app_store,signup,2026-08-20
U0354,2026-08-20,25-29,app_store,link_account,2026-08-20
U0354,2026-08-20,25-29,app_store,set_goal,2026-08-25
U0354,2026-08-20,25-29,app_store,first_saving,2026-08-28
U0354,2026-08-20,25-29,app_store,d30_active,2026-09-22
U0355,2026-06-22,25-29,play_store,signup,2026-06-22
U0355,2026-06-22,25-29,play_store,link_account,2026-06-23
U0356,2026-08-10,25-29,app_store,signup,2026-08-10
U0356,2026-08-10,25-29,app_store,link_account,2026-08-10
U0356,2026-08-10,25-29,app_store,set_goal,2026-08-15
U0356,2026-08-10,25-29,app_store,first_saving,2026-08-18
U0356,2026-08-10,25-29,app_store,d30_active,2026-09-11
U0357,2026-07-07,30-34,app_store,signup,2026-07-07
U0357,2026-07-07,30-34,app_store,link_account,2026-07-07
U0358,2026-07-18,25-29,play_store,signup,2026-07-18
U0358,2026-07-18,25-29,play_store,link_account,2026-07-19
U0359,2026-08-31,35-39,app_store,signup,2026-08-31
U0359,2026-08-31,35-39,app_store,link_account,2026-08-31
U0359,2026-08-31,35-39,app_store,set_goal,2026-09-01
U0359,2026-08-31,35-39,app_store,first_saving,2026-09-03
U0359,2026-08-31,35-39,app_store,d30_active,2026-10-02
U0360,2026-06-05,35-39,play_store,signup,2026-06-05
U0360,2026-06-05,35-39,play_store,link_account,2026-06-07
U0360,2026-06-05,35-39,play_store,set_goal,2026-06-07
U0361,2026-08-08,30-34,referral,signup,2026-08-08
U0361,2026-08-08,30-34,referral,link_account,2026-08-08
U0361,2026-08-08,30-34,referral,set_goal,2026-08-08
U0361,2026-08-08,30-34,referral,first_saving,2026-08-13
U0361,2026-08-08,30-34,referral,d30_active,2026-09-10
U0362,2026-07-09,30-34,app_store,signup,2026-07-09
U0363,2026-07-17,25-29,play_store,signup,2026-07-17
U0363,2026-07-17,25-29,play_store,link_account,2026-07-17
U0363,2026-07-17,25-29,play_store,set_goal,2026-07-22
U0364,2026-06-10,35-39,play_store,signup,2026-06-10
U0365,2026-07-15,30-34,app_store,signup,2026-07-15
U0365,2026-07-15,30-34,app_store,link_account,2026-07-15
U0365,2026-07-15,30-34,app_store,set_goal,2026-07-15
U0365,2026-07-15,30-34,app_store,first_saving,2026-07-22
U0365,2026-07-15,30-34,app_store,d30_active,2026-08-15
U0366,2026-08-26,25-29,referral,signup,2026-08-26
U0367,2026-07-03,25-29,play_store,signup,2026-07-03
U0367,2026-07-03,25-29,play_store,link_account,2026-07-04
U0367,2026-07-03,25-29,play_store,set_goal,2026-07-05
U0368,2026-06-14,30-34,play_store,signup,2026-06-14
U0368,2026-06-14,30-34,play_store,link_account,2026-06-14
U0369,2026-08-23,25-29,app_store,signup,2026-08-23
U0369,2026-08-23,25-29,app_store,link_account,2026-08-23
U0370,2026-07-07,25-29,app_store,signup,2026-07-07
U0371,2026-08-25,30-34,app_store,signup,2026-08-25
U0371,2026-08-25,30-34,app_store,link_account,2026-08-25
U0371,2026-08-25,30-34,app_store,set_goal,2026-08-28
U0371,2026-08-25,30-34,app_store,first_saving,2026-09-04
U0371,2026-08-25,30-34,app_store,d30_active,2026-09-27
U0372,2026-07-18,30-34,play_store,signup,2026-07-18
U0372,2026-07-18,30-34,play_store,link_account,2026-07-18
U0372,2026-07-18,30-34,play_store,set_goal,2026-07-20
U0372,2026-07-18,30-34,play_store,first_saving,2026-07-22
U0373,2026-08-06,35-39,app_store,signup,2026-08-06
U0373,2026-08-06,35-39,app_store,link_account,2026-08-06
U0373,2026-08-06,35-39,app_store,set_goal,2026-08-08
U0373,2026-08-06,35-39,app_store,first_saving,2026-08-18
U0374,2026-07-01,30-34,app_store,signup,2026-07-01
U0374,2026-07-01,30-34,app_store,link_account,2026-07-02
U0374,2026-07-01,30-34,app_store,set_goal,2026-07-07
U0374,2026-07-01,30-34,app_store,first_saving,2026-07-14
U0375,2026-08-19,25-29,app_store,signup,2026-08-19
U0375,2026-08-19,25-29,app_store,link_account,2026-08-22
U0375,2026-08-19,25-29,app_store,set_goal,2026-08-22
U0376,2026-07-16,35-39,ad,signup,2026-07-16
U0376,2026-07-16,35-39,ad,link_account,2026-07-16
U0377,2026-07-24,30-34,app_store,signup,2026-07-24
U0378,2026-07-24,35-39,play_store,signup,2026-07-24
U0378,2026-07-24,35-39,play_store,link_account,2026-07-25
U0378,2026-07-24,35-39,play_store,set_goal,2026-07-26
U0379,2026-08-21,35-39,play_store,signup,2026-08-21
U0379,2026-08-21,35-39,play_store,link_account,2026-08-21
U0379,2026-08-21,35-39,play_store,set_goal,2026-08-21
U0380,2026-06-15,25-29,app_store,signup,2026-06-15
U0380,2026-06-15,25-29,app_store,link_account,2026-06-16
U0380,2026-06-15,25-29,app_store,set_goal,2026-06-17
U0380,2026-06-15,25-29,app_store,first_saving,2026-06-27
U0380,2026-06-15,25-29,app_store,d30_active,2026-07-17
U0381,2026-08-29,25-29,app_store,signup,2026-08-29
U0381,2026-08-29,25-29,app_store,link_account,2026-08-30
U0382,2026-07-02,30-34,play_store,signup,2026-07-02
U0383,2026-08-18,25-29,ad,signup,2026-08-18
U0384,2026-07-28,25-29,play_store,signup,2026-07-28
U0384,2026-07-28,25-29,play_store,link_account,2026-07-29
U0385,2026-08-22,25-29,play_store,signup,2026-08-22
U0385,2026-08-22,25-29,play_store,link_account,2026-08-22
U0385,2026-08-22,25-29,play_store,set_goal,2026-08-23
U0385,2026-08-22,25-29,play_store,first_saving,2026-08-25
U0385,2026-08-22,25-29,play_store,d30_active,2026-09-23
U0386,2026-07-10,25-29,play_store,signup,2026-07-10
U0386,2026-07-10,25-29,play_store,link_account,2026-07-10
U0387,2026-06-20,35-39,play_store,signup,2026-06-20
U0387,2026-06-20,35-39,play_store,link_account,2026-06-21
U0387,2026-06-20,35-39,play_store,set_goal,2026-06-22
U0387,2026-06-20,35-39,play_store,first_saving,2026-07-02
U0387,2026-06-20,35-39,play_store,d30_active,2026-07-24
U0388,2026-08-19,25-29,app_store,signup,2026-08-19
U0388,2026-08-19,25-29,app_store,link_account,2026-08-21
U0389,2026-06-05,25-29,app_store,signup,2026-06-05
U0389,2026-06-05,25-29,app_store,link_account,2026-06-05
U0389,2026-06-05,25-29,app_store,set_goal,2026-06-05
U0389,2026-06-05,25-29,app_store,first_saving,2026-06-08
U0390,2026-08-27,25-29,ad,signup,2026-08-27
U0390,2026-08-27,25-29,ad,link_account,2026-08-28
U0391,2026-07-22,30-34,play_store,signup,2026-07-22
U0392,2026-06-19,30-34,play_store,signup,2026-06-19
U0392,2026-06-19,30-34,play_store,link_account,2026-06-20
U0392,2026-06-19,30-34,play_store,set_goal,2026-06-20
U0392,2026-06-19,30-34,play_store,first_saving,2026-06-23
U0392,2026-06-19,30-34,play_store,d30_active,2026-07-23
U0393,2026-06-30,35-39,app_store,signup,2026-06-30
U0393,2026-06-30,35-39,app_store,link_account,2026-07-01
U0393,2026-06-30,35-39,app_store,set_goal,2026-07-01
U0393,2026-06-30,35-39,app_store,first_saving,2026-07-04
U0393,2026-06-30,35-39,app_store,d30_active,2026-08-01
U0394,2026-06-22,25-29,ad,signup,2026-06-22
U0394,2026-06-22,25-29,ad,link_account,2026-06-23
U0394,2026-06-22,25-29,ad,set_goal,2026-06-28
U0395,2026-06-29,25-29,referral,signup,2026-06-29
U0395,2026-06-29,25-29,referral,link_account,2026-06-29
U0395,2026-06-29,25-29,referral,set_goal,2026-07-02
U0396,2026-06-03,35-39,app_store,signup,2026-06-03
U0397,2026-06-12,35-39,app_store,signup,2026-06-12
U0397,2026-06-12,35-39,app_store,link_account,2026-06-13
U0397,2026-06-12,35-39,app_store,set_goal,2026-06-13
U0397,2026-06-12,35-39,app_store,first_saving,2026-06-15
U0397,2026-06-12,35-39,app_store,d30_active,2026-07-15
U0398,2026-07-10,25-29,app_store,signup,2026-07-10
U0398,2026-07-10,25-29,app_store,link_account,2026-07-10
U0399,2026-08-24,30-34,app_store,signup,2026-08-24
U0399,2026-08-24,30-34,app_store,link_account,2026-08-27
U0399,2026-08-24,30-34,app_store,set_goal,2026-09-01
U0399,2026-08-24,30-34,app_store,first_saving,2026-09-08
U0399,2026-08-24,30-34,app_store,d30_active,2026-09-24
U0400,2026-06-14,25-29,app_store,signup,2026-06-14
U0400,2026-06-14,25-29,app_store,link_account,2026-06-14
U0400,2026-06-14,25-29,app_store,set_goal,2026-06-19
U0401,2026-07-02,25-29,app_store,signup,2026-07-02
U0401,2026-07-02,25-29,app_store,link_account,2026-07-02
U0401,2026-07-02,25-29,app_store,set_goal,2026-07-09
U0402,2026-08-03,30-34,app_store,signup,2026-08-03
U0402,2026-08-03,30-34,app_store,link_account,2026-08-03
U0402,2026-08-03,30-34,app_store,set_goal,2026-08-03
U0403,2026-06-26,25-29,ad,signup,2026-06-26
U0403,2026-06-26,25-29,ad,link_account,2026-06-27
U0404,2026-07-10,25-29,ad,signup,2026-07-10
U0404,2026-07-10,25-29,ad,link_account,2026-07-11
U0404,2026-07-10,25-29,ad,set_goal,2026-07-18
U0404,2026-07-10,25-29,ad,first_saving,2026-07-19
U0405,2026-07-19,25-29,play_store,signup,2026-07-19
U0406,2026-08-22,25-29,play_store,signup,2026-08-22
U0406,2026-08-22,25-29,play_store,link_account,2026-08-22
U0406,2026-08-22,25-29,play_store,set_goal,2026-08-22
U0406,2026-08-22,25-29,play_store,first_saving,2026-08-27
U0406,2026-08-22,25-29,play_store,d30_active,2026-09-22
U0407,2026-07-21,25-29,app_store,signup,2026-07-21
U0408,2026-07-27,25-29,app_store,signup,2026-07-27
U0409,2026-08-20,25-29,play_store,signup,2026-08-20
U0409,2026-08-20,25-29,play_store,link_account,2026-08-22
U0409,2026-08-20,25-29,play_store,set_goal,2026-08-24
U0409,2026-08-20,25-29,play_store,first_saving,2026-08-26
U0410,2026-06-29,30-34,ad,signup,2026-06-29
U0410,2026-06-29,30-34,ad,link_account,2026-07-01
U0411,2026-07-17,25-29,referral,signup,2026-07-17
U0411,2026-07-17,25-29,referral,link_account,2026-07-17
U0411,2026-07-17,25-29,referral,set_goal,2026-07-22
U0411,2026-07-17,25-29,referral,first_saving,2026-07-29
U0411,2026-07-17,25-29,referral,d30_active,2026-08-20
U0412,2026-08-29,35-39,app_store,signup,2026-08-29
U0412,2026-08-29,35-39,app_store,link_account,2026-08-31
U0412,2026-08-29,35-39,app_store,set_goal,2026-09-01
U0413,2026-07-17,25-29,play_store,signup,2026-07-17
U0414,2026-08-18,35-39,play_store,signup,2026-08-18
U0414,2026-08-18,35-39,play_store,link_account,2026-08-18
U0414,2026-08-18,35-39,play_store,set_goal,2026-08-19
U0414,2026-08-18,35-39,play_store,first_saving,2026-08-22
U0414,2026-08-18,35-39,play_store,d30_active,2026-09-18
U0415,2026-06-06,30-34,ad,signup,2026-06-06
U0415,2026-06-06,30-34,ad,link_account,2026-06-09
U0416,2026-08-19,35-39,app_store,signup,2026-08-19
U0416,2026-08-19,35-39,app_store,link_account,2026-08-20
U0416,2026-08-19,35-39,app_store,set_goal,2026-08-21
U0416,2026-08-19,35-39,app_store,first_saving,2026-08-23
U0416,2026-08-19,35-39,app_store,d30_active,2026-09-19
U0417,2026-06-09,35-39,app_store,signup,2026-06-09
U0417,2026-06-09,35-39,app_store,link_account,2026-06-09
U0417,2026-06-09,35-39,app_store,set_goal,2026-06-10
U0417,2026-06-09,35-39,app_store,first_saving,2026-06-17
U0417,2026-06-09,35-39,app_store,d30_active,2026-07-13
U0418,2026-07-24,25-29,play_store,signup,2026-07-24
U0419,2026-06-04,30-34,app_store,signup,2026-06-04
U0419,2026-06-04,30-34,app_store,link_account,2026-06-04
U0419,2026-06-04,30-34,app_store,set_goal,2026-06-05
U0420,2026-08-09,35-39,ad,signup,2026-08-09
U0420,2026-08-09,35-39,ad,link_account,2026-08-09
U0420,2026-08-09,35-39,ad,set_goal,2026-08-11
U0421,2026-06-08,30-34,ad,signup,2026-06-08
U0422,2026-08-17,25-29,play_store,signup,2026-08-17
U0423,2026-08-23,30-34,ad,signup,2026-08-23
U0423,2026-08-23,30-34,ad,link_account,2026-08-23
U0423,2026-08-23,30-34,ad,set_goal,2026-08-26
U0423,2026-08-23,30-34,ad,first_saving,2026-08-31
U0423,2026-08-23,30-34,ad,d30_active,2026-09-23
U0424,2026-06-21,35-39,referral,signup,2026-06-21
U0424,2026-06-21,35-39,referral,link_account,2026-06-21
U0424,2026-06-21,35-39,referral,set_goal,2026-06-23
U0424,2026-06-21,35-39,referral,first_saving,2026-06-28
U0424,2026-06-21,35-39,referral,d30_active,2026-07-24
U0425,2026-08-15,30-34,ad,signup,2026-08-15
U0426,2026-06-16,25-29,ad,signup,2026-06-16
U0426,2026-06-16,25-29,ad,link_account,2026-06-16
U0426,2026-06-16,25-29,ad,set_goal,2026-06-17
U0426,2026-06-16,25-29,ad,first_saving,2026-06-20
U0426,2026-06-16,25-29,ad,d30_active,2026-07-17
U0427,2026-06-02,30-34,ad,signup,2026-06-02
U0427,2026-06-02,30-34,ad,link_account,2026-06-02
U0428,2026-07-25,30-34,play_store,signup,2026-07-25
U0428,2026-07-25,30-34,play_store,link_account,2026-07-25
U0429,2026-06-11,25-29,app_store,signup,2026-06-11
U0429,2026-06-11,25-29,app_store,link_account,2026-06-11
U0429,2026-06-11,25-29,app_store,set_goal,2026-06-18
U0429,2026-06-11,25-29,app_store,first_saving,2026-06-28
U0429,2026-06-11,25-29,app_store,d30_active,2026-07-13
U0430,2026-06-09,25-29,app_store,signup,2026-06-09
U0430,2026-06-09,25-29,app_store,link_account,2026-06-11
U0430,2026-06-09,25-29,app_store,set_goal,2026-06-12
U0430,2026-06-09,25-29,app_store,first_saving,2026-06-19
U0430,2026-06-09,25-29,app_store,d30_active,2026-07-13
U0431,2026-06-01,25-29,ad,signup,2026-06-01
U0431,2026-06-01,25-29,ad,link_account,2026-06-01
U0431,2026-06-01,25-29,ad,set_goal,2026-06-01
U0431,2026-06-01,25-29,ad,first_saving,2026-06-15
U0432,2026-07-24,35-39,app_store,signup,2026-07-24
U0432,2026-07-24,35-39,app_store,link_account,2026-07-26
U0432,2026-07-24,35-39,app_store,set_goal,2026-07-26
U0432,2026-07-24,35-39,app_store,first_saving,2026-08-09
U0432,2026-07-24,35-39,app_store,d30_active,2026-08-24
U0433,2026-08-11,35-39,play_store,signup,2026-08-11
U0433,2026-08-11,35-39,play_store,link_account,2026-08-12
U0433,2026-08-11,35-39,play_store,set_goal,2026-08-12
U0433,2026-08-11,35-39,play_store,first_saving,2026-08-19
U0433,2026-08-11,35-39,play_store,d30_active,2026-09-11
U0434,2026-07-09,35-39,app_store,signup,2026-07-09
U0434,2026-07-09,35-39,app_store,link_account,2026-07-10
U0435,2026-08-01,30-34,play_store,signup,2026-08-01
U0435,2026-08-01,30-34,play_store,link_account,2026-08-01
U0435,2026-08-01,30-34,play_store,set_goal,2026-08-02
U0435,2026-08-01,30-34,play_store,first_saving,2026-08-04
U0435,2026-08-01,30-34,play_store,d30_active,2026-08-31
U0436,2026-07-17,25-29,play_store,signup,2026-07-17
U0436,2026-07-17,25-29,play_store,link_account,2026-07-20
U0436,2026-07-17,25-29,play_store,set_goal,2026-07-20
U0437,2026-08-30,30-34,play_store,signup,2026-08-30
U0437,2026-08-30,30-34,play_store,link_account,2026-08-31
U0437,2026-08-30,30-34,play_store,set_goal,2026-09-02
U0438,2026-08-29,35-39,app_store,signup,2026-08-29
U0439,2026-07-16,35-39,play_store,signup,2026-07-16
U0439,2026-07-16,35-39,play_store,link_account,2026-07-18
U0440,2026-08-12,25-29,app_store,signup,2026-08-12
U0440,2026-08-12,25-29,app_store,link_account,2026-08-13
U0440,2026-08-12,25-29,app_store,set_goal,2026-08-14
U0440,2026-08-12,25-29,app_store,first_saving,2026-08-16
U0441,2026-08-30,30-34,play_store,signup,2026-08-30
U0442,2026-07-31,25-29,app_store,signup,2026-07-31
U0442,2026-07-31,25-29,app_store,link_account,2026-08-01
U0442,2026-07-31,25-29,app_store,set_goal,2026-08-06
U0442,2026-07-31,25-29,app_store,first_saving,2026-08-20
U0442,2026-07-31,25-29,app_store,d30_active,2026-08-31
U0443,2026-08-26,30-34,referral,signup,2026-08-26
U0443,2026-08-26,30-34,referral,link_account,2026-08-26
U0444,2026-06-21,25-29,app_store,signup,2026-06-21
U0444,2026-06-21,25-29,app_store,link_account,2026-06-22
U0444,2026-06-21,25-29,app_store,set_goal,2026-06-23
U0445,2026-08-01,30-34,play_store,signup,2026-08-01
U0445,2026-08-01,30-34,play_store,link_account,2026-08-04
U0446,2026-07-24,35-39,ad,signup,2026-07-24
U0446,2026-07-24,35-39,ad,link_account,2026-07-26
U0447,2026-07-06,30-34,app_store,signup,2026-07-06
U0447,2026-07-06,30-34,app_store,link_account,2026-07-07
U0448,2026-08-20,30-34,app_store,signup,2026-08-20
U0448,2026-08-20,30-34,app_store,link_account,2026-08-20
U0449,2026-07-07,35-39,app_store,signup,2026-07-07
U0449,2026-07-07,35-39,app_store,link_account,2026-07-09
U0450,2026-07-09,35-39,referral,signup,2026-07-09
U0450,2026-07-09,35-39,referral,link_account,2026-07-09
U0450,2026-07-09,35-39,referral,set_goal,2026-07-12
U0450,2026-07-09,35-39,referral,first_saving,2026-07-15
U0450,2026-07-09,35-39,referral,d30_active,2026-08-10
U0451,2026-06-16,30-34,play_store,signup,2026-06-16
U0452,2026-07-20,30-34,app_store,signup,2026-07-20
U0452,2026-07-20,30-34,app_store,link_account,2026-07-20
U0452,2026-07-20,30-34,app_store,set_goal,2026-07-27
U0452,2026-07-20,30-34,app_store,first_saving,2026-08-01
U0453,2026-08-28,30-34,play_store,signup,2026-08-28
U0454,2026-07-04,25-29,app_store,signup,2026-07-04
U0454,2026-07-04,25-29,app_store,link_account,2026-07-04
U0454,2026-07-04,25-29,app_store,set_goal,2026-07-05
U0455,2026-08-04,25-29,app_store,signup,2026-08-04
U0455,2026-08-04,25-29,app_store,link_account,2026-08-05
U0456,2026-06-28,30-34,app_store,signup,2026-06-28
U0456,2026-06-28,30-34,app_store,link_account,2026-06-28
U0456,2026-06-28,30-34,app_store,set_goal,2026-07-03
U0456,2026-06-28,30-34,app_store,first_saving,2026-07-10
U0456,2026-06-28,30-34,app_store,d30_active,2026-07-29
U0457,2026-07-29,25-29,app_store,signup,2026-07-29
U0457,2026-07-29,25-29,app_store,link_account,2026-07-30
U0458,2026-08-09,30-34,ad,signup,2026-08-09
U0459,2026-08-04,35-39,app_store,signup,2026-08-04
U0460,2026-08-09,25-29,app_store,signup,2026-08-09
U0460,2026-08-09,25-29,app_store,link_account,2026-08-11
U0460,2026-08-09,25-29,app_store,set_goal,2026-08-12
U0461,2026-06-02,35-39,play_store,signup,2026-06-02
U0462,2026-08-12,25-29,app_store,signup,2026-08-12
U0463,2026-06-05,25-29,app_store,signup,2026-06-05
U0463,2026-06-05,25-29,app_store,link_account,2026-06-05
U0464,2026-07-07,25-29,app_store,signup,2026-07-07
U0464,2026-07-07,25-29,app_store,link_account,2026-07-08
U0465,2026-07-06,35-39,app_store,signup,2026-07-06
U0465,2026-07-06,35-39,app_store,link_account,2026-07-07
U0465,2026-07-06,35-39,app_store,set_goal,2026-07-07
U0466,2026-08-31,30-34,app_store,signup,2026-08-31
U0466,2026-08-31,30-34,app_store,link_account,2026-08-31
U0467,2026-08-29,35-39,play_store,signup,2026-08-29
U0468,2026-06-24,35-39,app_store,signup,2026-06-24
U0468,2026-06-24,35-39,app_store,link_account,2026-06-25
U0468,2026-06-24,35-39,app_store,set_goal,2026-06-25
U0468,2026-06-24,35-39,app_store,first_saving,2026-06-27
U0468,2026-06-24,35-39,app_store,d30_active,2026-07-28
U0469,2026-07-02,25-29,play_store,signup,2026-07-02
U0469,2026-07-02,25-29,play_store,link_account,2026-07-02
U0469,2026-07-02,25-29,play_store,set_goal,2026-07-07
U0470,2026-07-07,25-29,app_store,signup,2026-07-07
U0471,2026-07-07,35-39,app_store,signup,2026-07-07
U0471,2026-07-07,35-39,app_store,link_account,2026-07-08
U0471,2026-07-07,35-39,app_store,set_goal,2026-07-09
U0471,2026-07-07,35-39,app_store,first_saving,2026-07-11
U0471,2026-07-07,35-39,app_store,d30_active,2026-08-09
U0472,2026-07-02,30-34,app_store,signup,2026-07-02
U0472,2026-07-02,30-34,app_store,link_account,2026-07-02
U0472,2026-07-02,30-34,app_store,set_goal,2026-07-04
U0472,2026-07-02,30-34,app_store,first_saving,2026-07-06
U0472,2026-07-02,30-34,app_store,d30_active,2026-08-01
U0473,2026-06-17,30-34,app_store,signup,2026-06-17
U0473,2026-06-17,30-34,app_store,link_account,2026-06-17
U0473,2026-06-17,30-34,app_store,set_goal,2026-06-17
U0473,2026-06-17,30-34,app_store,first_saving,2026-07-01
U0474,2026-07-31,25-29,ad,signup,2026-07-31
U0475,2026-06-09,30-34,app_store,signup,2026-06-09
U0475,2026-06-09,30-34,app_store,link_account,2026-06-10
U0476,2026-06-19,25-29,play_store,signup,2026-06-19
U0477,2026-08-25,25-29,ad,signup,2026-08-25
U0477,2026-08-25,25-29,ad,link_account,2026-08-26
U0477,2026-08-25,25-29,ad,set_goal,2026-08-26
U0478,2026-08-14,35-39,app_store,signup,2026-08-14
U0478,2026-08-14,35-39,app_store,link_account,2026-08-14
U0478,2026-08-14,35-39,app_store,set_goal,2026-08-19
U0478,2026-08-14,35-39,app_store,first_saving,2026-08-21
U0479,2026-08-31,30-34,play_store,signup,2026-08-31
U0480,2026-08-25,25-29,play_store,signup,2026-08-25
U0480,2026-08-25,25-29,play_store,link_account,2026-08-25
U0480,2026-08-25,25-29,play_store,set_goal,2026-08-25
U0481,2026-08-16,35-39,referral,signup,2026-08-16
U0481,2026-08-16,35-39,referral,link_account,2026-08-17
U0481,2026-08-16,35-39,referral,set_goal,2026-08-22
U0481,2026-08-16,35-39,referral,first_saving,2026-09-01
U0481,2026-08-16,35-39,referral,d30_active,2026-09-17
U0482,2026-07-14,30-34,play_store,signup,2026-07-14
U0482,2026-07-14,30-34,play_store,link_account,2026-07-17
U0483,2026-08-22,30-34,play_store,signup,2026-08-22
U0483,2026-08-22,30-34,play_store,link_account,2026-08-22
U0483,2026-08-22,30-34,play_store,set_goal,2026-08-24
U0483,2026-08-22,30-34,play_store,first_saving,2026-09-03
U0484,2026-07-13,35-39,play_store,signup,2026-07-13
U0484,2026-07-13,35-39,play_store,link_account,2026-07-13
U0484,2026-07-13,35-39,play_store,set_goal,2026-07-20
U0484,2026-07-13,35-39,play_store,first_saving,2026-07-27
U0484,2026-07-13,35-39,play_store,d30_active,2026-08-12
U0485,2026-08-05,25-29,play_store,signup,2026-08-05
U0485,2026-08-05,25-29,play_store,link_account,2026-08-07
U0486,2026-07-12,25-29,app_store,signup,2026-07-12
U0486,2026-07-12,25-29,app_store,link_account,2026-07-14
U0486,2026-07-12,25-29,app_store,set_goal,2026-07-17
U0486,2026-07-12,25-29,app_store,first_saving,2026-07-31
U0486,2026-07-12,25-29,app_store,d30_active,2026-08-14
U0487,2026-07-06,25-29,referral,signup,2026-07-06
U0487,2026-07-06,25-29,referral,link_account,2026-07-09
U0487,2026-07-06,25-29,referral,set_goal,2026-07-14
U0488,2026-08-12,25-29,ad,signup,2026-08-12
U0489,2026-08-26,25-29,app_store,signup,2026-08-26
U0489,2026-08-26,25-29,app_store,link_account,2026-08-26
U0489,2026-08-26,25-29,app_store,set_goal,2026-08-26
U0489,2026-08-26,25-29,app_store,first_saving,2026-08-28
U0489,2026-08-26,25-29,app_store,d30_active,2026-09-26
U0490,2026-07-09,25-29,play_store,signup,2026-07-09
U0490,2026-07-09,25-29,play_store,link_account,2026-07-10
U0491,2026-06-30,30-34,app_store,signup,2026-06-30
U0491,2026-06-30,30-34,app_store,link_account,2026-06-30
U0491,2026-06-30,30-34,app_store,set_goal,2026-07-03
U0491,2026-06-30,30-34,app_store,first_saving,2026-07-05
U0491,2026-06-30,30-34,app_store,d30_active,2026-08-02
U0492,2026-07-16,25-29,app_store,signup,2026-07-16
U0492,2026-07-16,25-29,app_store,link_account,2026-07-16
U0492,2026-07-16,25-29,app_store,set_goal,2026-07-16
U0492,2026-07-16,25-29,app_store,first_saving,2026-07-18
U0492,2026-07-16,25-29,app_store,d30_active,2026-08-18
U0493,2026-06-24,30-34,app_store,signup,2026-06-24
U0494,2026-06-12,30-34,play_store,signup,2026-06-12
U0494,2026-06-12,30-34,play_store,link_account,2026-06-14
U0494,2026-06-12,30-34,play_store,set_goal,2026-06-14
U0494,2026-06-12,30-34,play_store,first_saving,2026-06-19
U0494,2026-06-12,30-34,play_store,d30_active,2026-07-14
U0495,2026-08-12,30-34,play_store,signup,2026-08-12
U0495,2026-08-12,30-34,play_store,link_account,2026-08-12
U0496,2026-07-27,25-29,play_store,signup,2026-07-27
U0496,2026-07-27,25-29,play_store,link_account,2026-07-27
U0496,2026-07-27,25-29,play_store,set_goal,2026-07-30
U0496,2026-07-27,25-29,play_store,first_saving,2026-08-02
U0497,2026-06-12,30-34,app_store,signup,2026-06-12
U0497,2026-06-12,30-34,app_store,link_account,2026-06-12
U0497,2026-06-12,30-34,app_store,set_goal,2026-06-13
U0497,2026-06-12,30-34,app_store,first_saving,2026-06-27
U0498,2026-08-31,30-34,app_store,signup,2026-08-31
U0498,2026-08-31,30-34,app_store,link_account,2026-09-03
U0498,2026-08-31,30-34,app_store,set_goal,2026-09-05
U0498,2026-08-31,30-34,app_store,first_saving,2026-09-08
U0498,2026-08-31,30-34,app_store,d30_active,2026-10-04
U0499,2026-08-18,30-34,ad,signup,2026-08-18
U0500,2026-08-31,30-34,play_store,signup,2026-08-31
U0500,2026-08-31,30-34,play_store,link_account,2026-09-03
